Area,Payment,Ownership,Status,Bedrooms,Bathrooms,PrivateGarden,price
150,Cash,Primary,Ready,3,3,Yes,"EGP 7,000,000"
235,Cash,Resale,Ready,3,3,No,"EGP 7,000,000"
170,Installment,Primary,Off-plan,3,3,Yes,"EGP 7,732,255"
135,Installment,Resale,Ready,2,2,No,"EGP 5,100,000"
165,Cash,Resale,Ready,3,3,No,"EGP 6,850,000"
165,Cash,Resale,Ready,3,3,No,"EGP 5,900,000"
155,Cash or Installment,Resale,Ready,3,3,No,"EGP 6,493,000"
225,Cash,Resale,Ready,3,3,No,"EGP 8,000,000"
145,Installment,Resale,Ready,3,3,No,"EGP 8,800,000"
300,Cash,Primary,Ready,3,4,Yes,"EGP 7,000,000"
135,Cash,Primary,Ready,2,3,No,"EGP 4,850,000"
160,Cash,Resale,Ready,3,3,Yes,"EGP 7,000,000"
235,Cash,Resale,Ready,3,3,No,"EGP 8,000,000"
140,Installment,Resale,Ready,3,3,No,"EGP 7,119,000"
140,Cash or Installment,Resale,Ready,3,2,Yes,"EGP 7,925,000"
160,Cash,Primary,Ready,3,2,Yes,"EGP 6,000,000"
,,,,,,No,
170,Cash,Resale,Ready,3,3,No,"EGP 7,200,000"
140,Cash or Installment,Resale,Ready,3,3,Yes,"EGP 7,119,000"
140,Cash,Primary,Ready,3,3,Yes,"EGP 5,500,000"
145,Cash,Primary,Ready,3,3,No,"EGP 5,225,000"
170,Cash,Resale,Ready,2,2,Yes,"EGP 7,700,000"
160,Cash,Primary,Ready,3,2,Yes,"EGP 5,750,000"
155,Cash or Installment,Resale,Ready,3,3,No,"EGP 6,587,000"
160,Cash,Resale,Ready,3,3,No,"EGP 6,800,000"
175,Cash,Resale,Ready,3,3,No,"EGP 7,250,000"
180,Cash,Resale,Ready,3,3,No,"EGP 7,700,000"
160,Cash,Resale,Ready,3,3,Yes,"EGP 7,300,000"
130,Installment,Resale,Ready,2,2,No,"EGP 6,800,000"
240,Cash,Primary,Ready,3,3,No,"EGP 9,250,000"
165,Installment,Resale,Ready,3,3,No,"EGP 6,640,000"
280,Cash,Resale,Ready,3,4,No,"EGP 12,670,000"
160,Cash,Resale,Ready,3,2,Yes,"EGP 7,300,000"
180,Cash,Primary,Ready,3,3,No,"EGP 7,000,000"
165,Cash,Resale,Ready,3,3,No,"EGP 5,950,000"
185,Installment,Resale,Ready,3,3,No,"EGP 9,550,000"
160,Cash,Resale,Ready,3,3,Yes,"EGP 8,000,000"
170,Installment,Primary,Off-plan,3,3,Yes,"EGP 8,082,255"
170,Cash or Installment,Resale,Ready,3,3,Yes,"EGP 7,490,000"
170,Cash,Resale,Ready,3,3,No,"EGP 5,950,000"
235,Cash,Resale,Ready,3,4,No,"EGP 8,300,000"
165,Cash,Resale,Ready,3,3,No,"EGP 5,950,000"
205,Installment,Primary,Ready,4,4,No,"EGP 16,912,834"
170,Cash,Resale,Ready,3,3,No,"EGP 6,090,000"
160,Cash,Resale,Ready,3,3,No,"EGP 10,000,000"
160,Cash,Primary,Ready,3,3,Yes,"EGP 6,000,000"
165,Installment,Resale,Off-plan,3,3,No,"EGP 6,766,000"
235,Cash,Resale,Ready,3,3,No,"EGP 7,000,000"
150,Cash,Primary,Ready,3,3,Yes,"EGP 7,000,000"
165,Installment,Resale,Ready,3,3,No,"EGP 7,000,000"
155,Cash or Installment,Primary,Ready,3,2,No,"EGP 19,390,288"
140,Cash or Installment,Primary,Off-plan,3,3,Yes,"EGP 10,600,000"
120,Cash,Primary,Off-plan,2,2,No,"EGP 7,000,000"
160,Cash,Primary,Ready,3,3,No,"EGP 7,800,000"
175,Cash,Resale,Ready,3,3,Yes,"EGP 7,300,000"
140,Cash,Resale,Ready,2,2,No,"EGP 5,450,000"
160,Cash,Resale,Ready,3,2,Yes,"EGP 7,500,000"
140,Installment,Primary,Ready,2,2,No,"EGP 15,226,159"
140,Cash,Resale,Ready,2,2,No,"EGP 5,500,000"
175,Cash,Resale,Ready,3,3,No,"EGP 7,250,000"
155,Cash,Resale,Ready,3,3,No,"EGP 6,500,000"
165,Cash,Resale,Ready,3,3,No,"EGP 6,400,000"
235,Cash,Resale,Ready,3,4,No,"EGP 10,000,000"
234,Cash,Resale,Ready,3,3,Yes,"EGP 7,669,000"
140,Installment,Resale,Ready,3,3,No,"EGP 8,330,000"
205,Cash,Resale,Ready,4,3,No,"EGP 8,300,000"
160,Cash,Resale,Ready,3,3,No,"EGP 6,000,000"
170,Cash,Resale,Ready,3,3,No,"EGP 6,250,000"
165,Cash,Resale,Ready,3,3,No,"EGP 6,250,000"
165,Cash,Resale,Ready,3,3,No,"EGP 6,200,000"
165,Cash,Resale,Ready,3,3,Yes,"EGP 6,850,000"
165,Cash,Resale,Ready,3,2,No,"EGP 9,605,115"
115,Cash or Installment,Primary,Off-plan,2,2,Yes,"EGP 10,100,000"
170,Installment,Primary,Off-plan,3,3,Yes,"EGP 8,082,255"
135,Cash,Primary,Off-plan,3,3,No,"EGP 7,700,000"
130,Cash,Primary,Ready,2,2,No,"EGP 6,900,000"
230,Cash,Resale,Ready,4,3,Yes,"EGP 10,000,000"
225,Cash,Resale,Ready,4,4,Yes,"EGP 8,700,000"
170,Cash,Resale,Ready,3,3,No,"EGP 6,500,000"
170,Cash,Resale,Ready,2,2,Yes,"EGP 7,700,000"
205,Cash,Resale,Ready,4,2,No,"EGP 11,500,000"
165,Cash,Resale,Ready,3,3,No,"EGP 6,250,000"
140,Cash,Primary,Ready,2,3,No,"EGP 4,800,000"
155,Cash or Installment,Resale,Ready,3,3,No,"EGP 6,587,000"
135,Cash,Primary,Ready,2,3,No,"EGP 4,850,000"
160,Cash,Resale,Ready,3,3,Yes,"EGP 6,400,000"
145,Cash,Primary,Ready,3,3,No,"EGP 5,225,000"
170,Cash,Resale,Ready,3,3,Yes,"EGP 6,500,000"
160,Installment,Primary,Ready,3,3,No,"EGP 7,800,000"
180,Cash,Primary,Ready,3,3,No,"EGP 7,000,000"
,,,,,,No,
170,Cash,Resale,Ready,3,3,No,"EGP 7,200,000"
235,Cash,Resale,Ready,3,3,No,"EGP 7,000,000"
170,Cash,Resale,Ready,3,3,No,"EGP 6,350,000"
135,Installment,Resale,Ready,2,2,No,"EGP 5,100,000"
140,Cash or Installment,Resale,Ready,3,3,Yes,"EGP 7,119,000"
155,Cash or Installment,Resale,Ready,3,3,No,"EGP 6,493,000"
235,Cash,Resale,Ready,3,4,Yes,"EGP 8,500,000"
170,Installment,Resale,Off-plan,3,3,Yes,"EGP 7,600,000"
140,Cash,Primary,Ready,3,3,Yes,"EGP 5,500,000"
110,Cash,Primary,Ready,2,2,No,"EGP 5,500,000"
140,Cash,Resale,Ready,3,3,Yes,"EGP 6,500,000"
180,Cash,Primary,Ready,3,3,No,"EGP 6,500,000"
160,Cash,Resale,Ready,3,3,No,"EGP 7,300,000"
170,Cash,Resale,Ready,3,2,No,"EGP 7,700,000"
165,Cash,Primary,Ready,3,3,No,"EGP 5,950,000"
145,Cash,Primary,Ready,3,3,No,"EGP 5,250,000"
165,Cash,Primary,Ready,3,3,No,"EGP 7,000,000"
170,Cash,Primary,Ready,3,3,No,"EGP 5,700,000"
180,Cash,Resale,Ready,3,2,Yes,"EGP 7,350,000"
160,Cash,Primary,Ready,3,3,Yes,"EGP 5,000,000"
145,Cash,Resale,Ready,2,3,Yes,"EGP 5,500,000"
135,Cash or Installment,Resale,Ready,2,2,No,"EGP 5,100,000"
150,Installment,Resale,Off-plan,3,3,No,"EGP 7,410,750"
180,Cash,Resale,Ready,3,3,No,"EGP 7,000,000"
130,Cash,Resale,Ready,2,2,No,"EGP 5,150,000"
170,Installment,Resale,Ready,3,3,No,"EGP 8,670,000"
155,Installment,Resale,Ready,2,2,No,"EGP 6,630,000"
170,Installment,Resale,Ready,3,3,No,"EGP 7,961,360"
150,Installment,Resale,Ready,3,3,No,"EGP 7,087,201"
155,Installment,Resale,Ready,3,3,No,"EGP 7,800,000"
245,Cash or Installment,Primary,Ready,4,3,Yes,"EGP 22,000,000"
245,Cash or Installment,Primary,Ready,4,3,Yes,"EGP 22,000,000"
170,Cash,Resale,Ready,3,3,Yes,"EGP 6,500,000"
170,Cash,Resale,Ready,3,3,Yes,"EGP 6,500,000"
235,Installment,Resale,Off-plan,3,3,No,"EGP 10,510,000"
170,Installment,Resale,Ready,3,3,No,"EGP 7,958,000"
160,Cash,Primary,Ready,3,2,Yes,"EGP 5,750,000"
175,Installment,Resale,Off-plan,3,3,No,"EGP 7,975,000"
165,Installment,Resale,Ready,3,3,No,"EGP 6,765,000"
170,Cash,Resale,Ready,3,2,Yes,"EGP 7,700,000"
165,Installment,Resale,Off-plan,3,3,Yes,"EGP 6,000,000"
165,Cash,Resale,Ready,3,3,No,"EGP 5,950,000"
140,Cash or Installment,Primary,Ready,2,2,Yes,"EGP 9,000,196"
170,Cash,Resale,Ready,3,3,No,"EGP 6,200,000"
170,Cash,Resale,Ready,3,3,No,"EGP 6,200,000"
160,Cash,Primary,Ready,3,2,Yes,"EGP 4,800,000"
160,Cash or Installment,Primary,Ready,3,3,Yes,"EGP 14,000,000"
162,Cash,Primary,Ready,3,2,Yes,"EGP 4,350,000"
160,Cash,Primary,Ready,3,2,Yes,"EGP 6,000,000"
160,Cash,Resale,Ready,3,2,Yes,"EGP 7,300,000"
140,Cash or Installment,Resale,Ready,3,2,Yes,"EGP 7,925,000"
140,Cash,Primary,Ready,3,3,Yes,"EGP 5,500,000"
170,Cash or Installment,Resale,Ready,3,3,Yes,"EGP 7,490,000"
235,Cash,Resale,Ready,3,4,Yes,"EGP 8,400,000"
235,Cash,Resale,Ready,3,3,Yes,"EGP 8,000,000"
235,Cash,Resale,Ready,3,3,No,"EGP 12,000,000"
135,Cash,Resale,Ready,3,2,Yes,"EGP 7,800,000"
170,Cash,Resale,Ready,3,3,Yes,"EGP 6,500,000"
165,Cash,Resale,Ready,3,2,No,"EGP 8,000,000"
165,Installment,Resale,Ready,3,3,No,"EGP 6,640,000"
145,Cash,Resale,Ready,3,3,No,"EGP 9,350,000"
135,Cash,Resale,Ready,3,2,No,"EGP 8,250,000"
155,Cash or Installment,Resale,Off-plan,3,3,No,"EGP 6,300,000"
110,Cash,Primary,Ready,2,2,Yes,"EGP 12,000,000"
160,Cash,Resale,Ready,3,3,No,"EGP 6,200,000"
90,Installment,Resale,Off-plan,1,1,No,"EGP 5,000,000"
160,Cash,Resale,Ready,3,3,No,"EGP 7,380,000"
190,Cash,Resale,Ready,3,3,No,"EGP 9,200,000"
130,Cash,Resale,Ready,2,2,No,"EGP 4,950,000"
135,Installment,Resale,Ready,3,2,No,"EGP 7,700,000"
170,Cash,Resale,Ready,3,3,No,"EGP 8,000,000"
160,Cash,Resale,Ready,3,3,No,"EGP 8,000,000"
155,Installment,Resale,Off-plan,3,3,No,"EGP 7,080,000"
230,Cash,Resale,Ready,3,3,No,"EGP 11,000,000"
170,Cash,Resale,Ready,3,3,No,"EGP 6,000,000"
180,Cash,Resale,Ready,3,3,No,"EGP 7,700,000"
170,Cash,Resale,Ready,3,3,No,"EGP 7,200,000"
155,Installment,Resale,Ready,3,3,No,"EGP 6,750,000"
140,Cash or Installment,Resale,Ready,3,3,Yes,"EGP 6,050,000"
165,Cash or Installment,Resale,Ready,3,3,No,"EGP 6,766,706"
155,Cash,Resale,Ready,3,3,No,"EGP 7,000,000"
175,Cash,Resale,Ready,3,3,Yes,"EGP 7,300,000"
205,Cash,Resale,Ready,3,3,Yes,"EGP 8,500,000"
205,Cash,Resale,Ready,3,3,Yes,"EGP 8,500,000"
185,Cash,Resale,Ready,3,3,Yes,"EGP 7,500,000"
165,Cash,Resale,Ready,3,3,Yes,"EGP 6,500,000"
165,Cash or Installment,Resale,Ready,3,3,No,"EGP 6,842,000"
135,Cash,Resale,Ready,2,2,No,"EGP 4,850,000"
170,Installment,Resale,Ready,3,3,No,"EGP 8,420,000"
155,Cash or Installment,Primary,Ready,3,3,Yes,"EGP 18,459,000"
170,Cash or Installment,Resale,Off-plan,3,3,Yes,"EGP 8,466,000"
160,Cash,Resale,Ready,3,3,Yes,"EGP 7,600,000"
155,Cash,Resale,Ready,3,3,Yes,"EGP 5,750,000"
170,Cash,Resale,Ready,3,3,Yes,"EGP 6,500,000"
175,Cash,Resale,Ready,3,3,Yes,"EGP 7,800,000"
235,Cash,Resale,Ready,3,4,No,"EGP 8,600,000"
170,Cash,Resale,Ready,3,3,Yes,"EGP 8,860,000"
165,Cash,Resale,Ready,3,3,No,"EGP 5,950,000"
235,Cash,Resale,Ready,3,3,No,"EGP 8,000,000"
155,Cash or Installment,Resale,Ready,3,3,No,"EGP 6,982,000"
135,Cash,Resale,Ready,3,3,No,"EGP 7,700,000"
170,Cash,Resale,Ready,3,3,Yes,"EGP 6,300,000"
160,Cash,Resale,Ready,3,3,Yes,"EGP 7,300,000"
175,Cash,Resale,Ready,3,3,Yes,"EGP 7,800,000"
125,Cash or Installment,Resale,Ready,2,1,Yes,"EGP 5,250,000"
140,Cash or Installment,Primary,Ready,2,2,Yes,"EGP 9,600,000"
170,Cash,Resale,Ready,3,2,Yes,"EGP 6,200,000"
140,Installment,Resale,Ready,3,3,No,"EGP 7,119,000"
205,Cash,Primary,Ready,3,3,No,"EGP 9,800,000"
145,Cash or Installment,Resale,Ready,3,3,No,"EGP 6,182,575"
170,Installment,Resale,Ready,3,3,No,"EGP 8,930,000"
150,Installment,Resale,Ready,3,3,No,"EGP 7,625,000"
140,Installment,Resale,Ready,3,3,No,"EGP 6,188,000"
170,Installment,Resale,Ready,3,3,No,"EGP 8,930,000"
170,Installment,Resale,Off-plan,4,4,No,"EGP 6,601,660"
245,Cash or Installment,Primary,Ready,4,3,No,"EGP 22,000,000"
124,Cash or Installment,Primary,Ready,2,1,No,"EGP 15,000,000"
90,Installment,Resale,Off-plan,2,1,No,"EGP 4,850,000"
175,Installment,Resale,Off-plan,3,3,No,"EGP 7,500,000"
145,Installment,Resale,Ready,3,3,No,"EGP 6,190,000"
160,Cash,Resale,Ready,3,3,No,"EGP 9,250,000"
165,Cash,Primary,Ready,3,3,No,"EGP 6,050,000"
170,Cash,Primary,Ready,3,3,No,"EGP 7,200,000"
220,Cash,Resale,Ready,4,4,No,"EGP 8,800,000"
235,Cash,Resale,Ready,4,3,No,"EGP 8,000,000"
120,Installment,Resale,Ready,2,2,No,"EGP 6,730,000"
165,Cash or Installment,Resale,Ready,3,3,No,"EGP 8,482,000"
170,Cash,Resale,Ready,3,3,No,"EGP 5,950,000"
134,Cash,Resale,Ready,3,2,Yes,"EGP 7,700,000"
180,Cash,Resale,Ready,3,3,No,"EGP 8,000,000"
179,Cash,Resale,Ready,3,3,No,"EGP 8,000,000"
235,Cash,Resale,Ready,3,3,No,"EGP 8,500,000"
125,Cash,Resale,Ready,2,1,Yes,"EGP 5,500,000"
165,Installment,Resale,Ready,3,3,No,"EGP 6,841,216"
155,Cash or Installment,Resale,Ready,3,3,Yes,"EGP 6,657,000"
140,Cash,Resale,Ready,2,2,No,"EGP 5,850,000"
160,Cash,Resale,Ready,3,3,No,"EGP 7,250,000"
160,Cash,Resale,Ready,3,3,Yes,"EGP 7,100,000"
167,Cash,Resale,Ready,3,3,No,"EGP 7,200,000"
225,Cash or Installment,Resale,Ready,4,2,Yes,"EGP 9,000,000"
175,Cash,Resale,Ready,3,3,No,"EGP 6,800,000"
180,Cash,Resale,Ready,3,3,No,"EGP 7,750,000"
165,Cash,Resale,Ready,3,3,No,"EGP 6,150,000"
155,Cash,Resale,Ready,3,3,No,"EGP 5,900,000"
140,Cash,Primary,Ready,2,3,No,"EGP 5,500,000"
165,Cash,Primary,Ready,3,3,No,"EGP 7,000,000"
140,Cash or Installment,Resale,Ready,3,3,Yes,"EGP 7,119,000"
155,Cash,Primary,Ready,3,2,No,"EGP 7,500,000"
160,Cash,Resale,Ready,3,3,Yes,"EGP 8,000,000"
140,Cash,Primary,Ready,2,2,Yes,"EGP 9,000,000"
175,Cash,Primary,Ready,3,3,No,"EGP 7,200,000"
210,Cash,Resale,Ready,3,3,Yes,"EGP 9,000,000"
180,Cash,Resale,Ready,3,3,No,"EGP 6,500,000"
235,Cash,Primary,Ready,3,2,No,"EGP 11,500,000"
150,Installment,Resale,Ready,3,3,No,"EGP 7,388,415"
135,Installment,Resale,Ready,3,3,No,"EGP 8,007,000"
155,Installment,Resale,Off-plan,3,3,Yes,"EGP 7,035,000"
140,Cash or Installment,Primary,Ready,2,2,Yes,"EGP 16,900,000"
160,Cash,Resale,Ready,3,3,No,"EGP 7,300,000"
173,Cash,Primary,Ready,3,3,No,"EGP 6,455,000"
170,Cash or Installment,Primary,Ready,3,3,Yes,"EGP 13,820,000"
235,Cash,Primary,Ready,3,3,Yes,"EGP 8,000,000"
170,Installment,Primary,Ready,3,3,Yes,"EGP 14,500,000"
140,Cash or Installment,Primary,Off-plan,3,2,Yes,"EGP 12,718,912"
155,Installment,Resale,Ready,3,3,Yes,"EGP 7,000,000"
140,Cash,Resale,Ready,3,3,No,"EGP 6,455,000"
185,Cash,Resale,Ready,4,4,No,"EGP 6,750,000"
165,Cash,Resale,Ready,3,3,No,"EGP 5,900,000"
139,Installment,Resale,Ready,3,3,No,"EGP 6,000,000"
160,Cash,Resale,Ready,3,3,Yes,"EGP 7,000,000"
235,Installment,Resale,Off-plan,3,3,No,"EGP 10,607,000"
155,Installment,Resale,Ready,3,3,No,"EGP 6,780,000"
205,Cash,Resale,Ready,3,3,No,"EGP 8,300,000"
125,Cash,Resale,Ready,2,2,No,"EGP 5,500,000"
170,Installment,Resale,Ready,3,3,No,"EGP 8,082,255"
155,Cash,Resale,Ready,3,3,No,"EGP 6,500,000"
130,Cash,Resale,Ready,2,2,No,"EGP 4,950,000"
165,Cash,Resale,Ready,3,3,No,"EGP 7,000,000"
155,Cash,Resale,Ready,3,3,No,"EGP 5,800,000"
235,Cash,Resale,Ready,3,4,No,"EGP 8,000,000"
180,Cash,Resale,Ready,3,3,No,"EGP 7,000,000"
180,Cash,Resale,Ready,3,3,No,"EGP 6,800,000"
170,Cash,Resale,Ready,3,3,No,"EGP 8,000,000"
145,Cash,Resale,Ready,3,3,Yes,"EGP 8,800,000"
135,Cash,Resale,Ready,3,2,No,"EGP 7,700,000"
160,Cash,Resale,Ready,3,3,No,"EGP 7,200,000"
160,Cash,Resale,Ready,3,3,No,"EGP 7,200,000"
170,Cash,Resale,Ready,3,3,No,"EGP 6,250,000"
165,Cash,Resale,Ready,3,3,No,"EGP 5,950,000"
160,Cash,Resale,Ready,3,3,No,"EGP 5,900,000"
140,Installment,Resale,Ready,3,3,No,"EGP 8,960,960"
160,Cash,Resale,Ready,3,3,No,"EGP 6,800,000"
170,Cash,Resale,Ready,3,3,No,"EGP 6,090,000"
140,Installment,Resale,Ready,3,3,No,"EGP 9,730,000"
165,Cash,Resale,Ready,3,3,No,"EGP 6,250,000"
160,Cash,Resale,Ready,3,3,No,"EGP 10,000,000"
235,Cash,Resale,Ready,3,3,No,"EGP 8,000,000"
155,Cash or Installment,Primary,Ready,3,3,No,"EGP 7,000,000"
165,Cash,Resale,Ready,3,3,Yes,"EGP 7,770,000"
135,Installment,Resale,Ready,2,2,No,"EGP 4,900,000"
175,Cash,Resale,Ready,3,3,No,"EGP 7,250,000"
165,Installment,Resale,Ready,3,3,No,"EGP 7,042,000"
165,Cash,Resale,Ready,3,3,No,"EGP 6,200,000"
150,Cash,Primary,Ready,3,2,Yes,"EGP 10,580,000"
130,Cash,Resale,Ready,2,3,No,"EGP 5,800,000"
110,Installment,Resale,Off-plan,2,2,No,"EGP 7,300,000"
70,Installment,Resale,Ready,1,2,No,"EGP 5,250,000"
180,Installment,Resale,Off-plan,3,3,No,"EGP 6,672,740"
160,Cash,Resale,Ready,3,3,Yes,"EGP 7,300,000"
180,Cash,Resale,Ready,3,3,Yes,"EGP 6,800,000"
165,Installment,Resale,Off-plan,3,3,Yes,"EGP 6,927,940"
165,Installment,Resale,Off-plan,3,3,No,"EGP 6,930,000"
160,Cash,Resale,Ready,3,3,No,"EGP 6,500,000"
130,Cash,Resale,Ready,2,3,No,"EGP 5,800,000"
70,Installment,Resale,Ready,1,1,No,"EGP 5,750,000"
165,Installment,Resale,Off-plan,3,3,No,"EGP 6,180,000"
160,Cash,Resale,Ready,3,3,Yes,"EGP 7,500,000"
150,Cash or Installment,Primary,Ready,3,2,Yes,"EGP 11,500,000"
155,Cash,Resale,Ready,3,2,No,"EGP 6,500,000"
155,Cash,Resale,Ready,3,2,Yes,"EGP 6,500,000"
160,Cash,Resale,Ready,3,3,No,"EGP 7,520,000"
160,Cash,Resale,Ready,3,3,No,"EGP 7,200,000"
110,Cash,Resale,Ready,2,2,No,"EGP 4,690,000"
165,Cash,Resale,Ready,3,3,No,"EGP 6,100,000"
155,Installment,Resale,Off-plan,3,3,No,"EGP 6,480,000"
140,Cash,Resale,Ready,3,3,No,"EGP 6,250,000"
160,Cash,Resale,Ready,3,3,No,"EGP 7,200,000"
125,Cash,Resale,Ready,2,3,Yes,"EGP 5,800,000"
140,Cash,Resale,Ready,3,3,No,"EGP 5,500,000"
165,Installment,Resale,Ready,3,3,No,"EGP 6,465,000"
165,Cash,Resale,Ready,3,3,No,"EGP 7,000,000"
165,Cash or Installment,Resale,Ready,3,3,Yes,"EGP 6,758,419"
155,Cash or Installment,Resale,Ready,3,3,No,"EGP 6,737,000"
160,Cash,Resale,Ready,3,3,No,"EGP 7,400,000"
110,Cash,Primary,Ready,2,2,Yes,"EGP 5,500,000"
160,Cash,Resale,Ready,3,3,No,"EGP 7,300,000"
155,Cash or Installment,Resale,Ready,3,3,No,"EGP 6,380,000"
170,Cash,Resale,Ready,3,3,Yes,"EGP 8,300,000"
165,Cash,Resale,Ready,3,3,No,"EGP 5,950,000"
235,Installment,Resale,Ready,3,3,No,"EGP 9,041,410"
90,Cash or Installment,Resale,Ready,1,2,Yes,"EGP 4,616,000"
165,Installment,Resale,Off-plan,3,3,No,"EGP 6,180,000"
180,Cash,Primary,Ready,3,3,No,"EGP 7,000,000"
165,Installment,Resale,Ready,3,3,No,"EGP 6,532,240"
170,Cash,Primary,Ready,3,3,No,"EGP 6,300,000"
70,Cash or Installment,Resale,Ready,1,1,No,"EGP 3,730,000"
170,Cash,Resale,Ready,3,3,Yes,"EGP 8,920,000"
140,Cash or Installment,Primary,Ready,3,2,Yes,"EGP 15,000,000"
135,Cash,Resale,Ready,3,3,No,"EGP 7,700,000"
155,Cash,Resale,Ready,3,3,No,"EGP 6,000,000"
140,Cash,Resale,Ready,2,3,Yes,"EGP 5,500,000"
170,Cash,Resale,Ready,3,3,Yes,"EGP 8,300,000"
155,Cash,Primary,Ready,3,3,Yes,"EGP 5,900,000"
180,Cash,Primary,Ready,3,3,Yes,"EGP 7,750,000"
140,Installment,Resale,Ready,3,3,Yes,"EGP 6,400,000"
90,Cash or Installment,Resale,Ready,2,2,Yes,"EGP 11,000,000"
170,Cash,Resale,Ready,3,3,No,"EGP 6,250,000"
165,Cash,Resale,Ready,3,3,No,"EGP 7,500,000"
165,Installment,Resale,Ready,3,3,No,"EGP 6,530,000"
165,Cash,Primary,Ready,3,3,Yes,"EGP 6,150,000"
145,Cash,Resale,Ready,2,3,Yes,"EGP 6,200,000"
175,Cash,Resale,Ready,3,3,Yes,"EGP 8,270,000"
155,Cash,Primary,Ready,3,3,Yes,"EGP 5,900,000"
170,Cash,Primary,Ready,3,3,No,"EGP 6,000,000"
145,Cash,Primary,Ready,3,3,No,"EGP 5,350,000"
165,Cash,Primary,Ready,3,3,No,"EGP 5,250,000"
165,Installment,Resale,Off-plan,3,3,No,"EGP 6,520,000"
155,Cash,Primary,Ready,3,3,No,"EGP 5,000,000"
155,Cash,Primary,Ready,3,3,No,"EGP 5,000,000"
155,Cash,Primary,Ready,3,3,No,"EGP 5,000,000"
170,Cash,Primary,Ready,3,3,No,"EGP 5,950,000"
170,Cash,Resale,Ready,3,3,No,"EGP 6,250,000"
145,Cash,Resale,Ready,2,2,No,"EGP 5,550,000"
165,Cash,Primary,Ready,3,3,No,"EGP 5,950,000"
141,Cash,Primary,Ready,3,3,Yes,"EGP 5,000,000"
160,Installment,Primary,Ready,3,3,Yes,"EGP 16,000,000"
155,Cash,Resale,Ready,3,3,No,"EGP 7,300,000"
160,Cash,Primary,Ready,3,2,Yes,"EGP 9,000,000"
160,Cash,Primary,Ready,3,3,Yes,"EGP 9,800,000"
165,Cash,Primary,Ready,3,3,Yes,"EGP 10,200,000"
165,Installment,Resale,Off-plan,3,3,No,"EGP 6,730,000"
160,Cash,Primary,Ready,3,3,Yes,"EGP 4,800,000"
180,Cash,Resale,Ready,3,3,No,"EGP 8,650,000"
160,Cash,Primary,Ready,3,2,Yes,"EGP 6,600,000"
140,Installment,Resale,Ready,3,3,No,"EGP 6,188,000"
174,Cash,Resale,Ready,3,3,No,"EGP 6,600,000"
160,Cash,Resale,Ready,3,3,No,"EGP 6,000,000"
140,Cash,Resale,Ready,3,3,No,"EGP 6,250,000"
165,Installment,Resale,Ready,3,3,No,"EGP 6,977,940"
145,Cash,Resale,Ready,3,3,Yes,"EGP 8,800,000"
180,Cash or Installment,Resale,Ready,3,3,Yes,"EGP 11,500,000"
170,Cash,Resale,Ready,3,3,Yes,"EGP 7,500,000"
180,Cash,Resale,Ready,3,3,Yes,"EGP 9,000,000"
160,Cash,Resale,Ready,3,2,Yes,"EGP 7,200,000"
170,Cash,Primary,Ready,3,3,No,"EGP 6,000,000"
160,Cash,Resale,Ready,3,3,Yes,"EGP 6,650,000"
115,Installment,Resale,Off-plan,2,2,Yes,"EGP 6,277,391"
165,Cash,Primary,Ready,3,3,No,"EGP 5,250,000"
145,Cash,Primary,Ready,3,3,No,"EGP 5,350,000"
140,Cash,Primary,Ready,2,3,No,"EGP 5,500,000"
240,Cash,Primary,Ready,3,3,No,"EGP 9,200,000"
165,Cash,Primary,Ready,3,3,No,"EGP 5,250,000"
135,Cash,Primary,Off-plan,3,3,No,"EGP 7,700,000"
140,Cash,Primary,Ready,3,3,No,"EGP 7,200,000"
131,Cash,Primary,Ready,2,2,No,"EGP 6,900,000"
120,Cash,Primary,Off-plan,2,2,No,"EGP 7,000,000"
150,Cash or Installment,Primary,Off-plan,3,3,Yes,"EGP 10,500,000"
165,Cash,Primary,Ready,3,3,No,"EGP 7,400,000"
160,Cash,Primary,Ready,3,3,No,"EGP 7,000,000"
165,Cash or Installment,Resale,Ready,3,3,Yes,"EGP 5,990,000"
140,Cash,Primary,Ready,2,2,No,"EGP 7,200,000"
155,Cash or Installment,Primary,Ready,3,3,No,"EGP 7,500,000"
160,Cash,Resale,Ready,3,3,Yes,"EGP 6,500,000"
160,Cash,Resale,Ready,3,3,No,"EGP 6,500,000"
160,Cash,Resale,Ready,3,3,Yes,"EGP 7,300,000"
165,Cash,Primary,Ready,3,3,No,"EGP 6,150,000"
160,Cash,Resale,Ready,3,3,No,"EGP 6,500,000"
169,Cash,Resale,Ready,3,3,No,"EGP 8,500,000"
132,Cash or Installment,Resale,Ready,2,2,No,"EGP 9,584,806"
155,Installment,Resale,Ready,3,3,Yes,"EGP 7,035,000"
150,Installment,Resale,Ready,3,3,No,"EGP 6,900,000"
235,Cash,Resale,Ready,3,3,No,"EGP 8,500,000"
235,Cash,Resale,Ready,3,3,No,"EGP 9,000,000"
170,Installment,Resale,Ready,3,3,No,"EGP 8,082,255"
130,Cash,Primary,Ready,3,2,No,"EGP 6,890,000"
155,Cash or Installment,Resale,Ready,3,3,No,"EGP 7,300,000"
175,Installment,Resale,Off-plan,3,3,No,"EGP 7,975,000"
160,Cash,Resale,Ready,3,3,No,"EGP 7,300,000"
120,Cash or Installment,Primary,Ready,2,2,Yes,"EGP 9,309,947"
160,Cash or Installment,Primary,Ready,3,3,Yes,"EGP 13,224,032"
160,Cash,Primary,Ready,3,2,Yes,"EGP 8,000,000"
140,Cash,Primary,Ready,2,2,Yes,"EGP 7,000,000"
220,Cash,Resale,Ready,3,2,Yes,"EGP 9,000,000"
90,Installment,Resale,Off-plan,1,1,No,"EGP 5,000,000"
170,Installment,Resale,Off-plan,3,3,No,"EGP 7,732,255"
160,Cash,Resale,Ready,3,3,No,"EGP 7,250,000"
175,Cash,Resale,Ready,3,3,No,"EGP 8,500,000"
170,Cash,Resale,Ready,3,3,No,"EGP 6,100,000"
110,Cash,Primary,Ready,2,2,No,"EGP 4,690,000"
170,Cash,Resale,Ready,3,3,No,"EGP 6,250,000"
175,Cash,Resale,Ready,4,3,No,"EGP 7,500,000"
155,Installment,Resale,Ready,3,3,No,"EGP 6,780,000"
131,Cash,Resale,Ready,2,2,No,"EGP 6,000,000"
131,Cash,Resale,Ready,2,2,No,"EGP 6,000,000"
170,Cash,Resale,Ready,3,3,Yes,"EGP 8,300,000"
140,Cash,Primary,Ready,2,3,No,"EGP 5,500,000"
145,Installment,Resale,Ready,3,3,Yes,"EGP 9,290,000"
125,Installment,Resale,Ready,3,2,Yes,"EGP 8,190,000"
165,Cash or Installment,Resale,Ready,3,3,No,"EGP 5,940,000"
160,Cash,Resale,Ready,3,3,No,"EGP 10,000,000"
235,Cash,Resale,Ready,4,3,No,"EGP 8,000,000"
155,Cash or Installment,Resale,Ready,3,3,No,"EGP 6,480,000"
125,Cash,Resale,Ready,2,1,No,"EGP 5,500,000"
155,Installment,Resale,Off-plan,3,3,No,"EGP 6,430,000"
174,Cash,Resale,Ready,3,3,No,"EGP 8,200,000"
160,Cash,Primary,Ready,3,3,No,"EGP 7,000,000"
160,Cash,Resale,Ready,3,3,No,"EGP 7,000,000"
132,Installment,Primary,Ready,3,2,No,"EGP 6,850,000"
132,Installment,Primary,Ready,3,2,No,"EGP 6,850,000"
132,Installment,Primary,Ready,3,2,No,"EGP 6,850,000"
132,Installment,Primary,Ready,3,2,No,"EGP 6,850,000"
132,Installment,Primary,Ready,3,2,No,"EGP 6,850,000"
135,Cash,Primary,Ready,3,2,Yes,"EGP 7,580,000"
135,Cash,Primary,Ready,3,2,Yes,"EGP 7,580,000"
135,Cash,Primary,Ready,3,2,Yes,"EGP 7,580,000"
135,Cash,Primary,Ready,3,2,Yes,"EGP 7,580,000"
135,Cash,Primary,Ready,3,2,Yes,"EGP 7,580,000"
235,Cash,Resale,Ready,4,4,No,"EGP 8,600,000"
173,Cash,Resale,Ready,3,3,No,"EGP 6,200,000"
140,Cash,Resale,Ready,2,2,No,"EGP 5,450,000"
235,Cash,Primary,Ready,3,3,No,"EGP 7,900,000"
150,Cash,Resale,Ready,3,2,No,"EGP 6,974,000"
160,Cash,Resale,Ready,3,3,No,"EGP 7,000,000"
160,Installment,Primary,Ready,3,3,No,"EGP 16,479,047"
165,Cash,Resale,Ready,3,3,No,"EGP 6,850,000"
135,Installment,Resale,Ready,2,2,No,"EGP 5,410,000"
160,Cash,Primary,Ready,3,3,Yes,"EGP 7,000,000"
110,Cash or Installment,Resale,Ready,2,2,Yes,"EGP 5,412,052"
115,Cash,Primary,Ready,3,3,Yes,"EGP 5,900,000"
115,Cash or Installment,Resale,Ready,3,3,Yes,"EGP 6,480,000"
165,Cash,Primary,Ready,3,3,No,"EGP 6,150,000"
140,Cash,Primary,Ready,2,3,Yes,"EGP 5,500,000"
165,Cash,Primary,Ready,3,3,No,"EGP 5,150,000"
160,Cash,Resale,Ready,3,3,No,"EGP 5,950,000"
180,Cash,Primary,Ready,3,3,Yes,"EGP 6,500,000"
170,Cash,Primary,Ready,3,3,Yes,"EGP 5,950,000"
140,Cash,Resale,Ready,3,3,Yes,"EGP 6,250,000"
140,Installment,Resale,Ready,3,3,No,"EGP 6,188,000"
170,Cash,Resale,Ready,3,3,Yes,"EGP 8,500,000"
250,Cash,Resale,Ready,3,3,Yes,"EGP 15,375,000"
175,Cash,Resale,Ready,3,3,No,"EGP 7,500,000"
165,Installment,Resale,Ready,2,3,No,"EGP 6,900,000"
175,Cash,Resale,Ready,3,3,No,"EGP 7,500,000"
155,Cash or Installment,Resale,Ready,3,3,Yes,"EGP 6,695,000"
170,Installment,Resale,Off-plan,3,3,No,"EGP 8,082,000"
155,Installment,Resale,Off-plan,3,3,No,"EGP 6,780,000"
160,Cash,Primary,Ready,3,3,Yes,"EGP 7,000,000"
170,Cash or Installment,Resale,Ready,3,3,No,"EGP 6,500,000"
170,Cash,Resale,Ready,3,3,No,"EGP 7,200,000"
155,Cash,Primary,Ready,3,3,No,"EGP 5,900,000"
165,Cash or Installment,Resale,Ready,3,3,Yes,"EGP 5,940,000"
127,Installment,Resale,Ready,3,3,No,"EGP 9,400,000"
165,Cash,Primary,Ready,3,3,Yes,"EGP 6,150,000"
165,Installment,Resale,Ready,3,3,Yes,"EGP 6,465,000"
155,Cash or Installment,Resale,Ready,3,3,No,"EGP 6,480,000"
235,Cash,Resale,Ready,4,4,No,"EGP 12,000,000"
165,Cash,Primary,Ready,3,3,No,"EGP 5,950,000"
145,Installment,Resale,Ready,3,3,No,"EGP 7,990,000"
140,Cash,Primary,Ready,2,3,Yes,"EGP 5,500,000"
140,Installment,Resale,Ready,3,3,No,"EGP 7,119,000"
110,Cash,Primary,Ready,2,2,No,"EGP 4,690,000"
160,Cash,Resale,Ready,3,2,Yes,"EGP 7,600,000"
170,Cash,Primary,Ready,3,3,No,"EGP 6,670,000"
235,Cash,Resale,Ready,3,4,No,"EGP 10,000,000"
165,Cash,Resale,Ready,3,3,Yes,"EGP 6,850,000"
160,Installment,Primary,Ready,3,3,No,"EGP 13,286,742"
145,Cash or Installment,Resale,Ready,3,3,Yes,"EGP 6,990,000"
159,Cash,Resale,Ready,3,3,No,"EGP 7,300,000"
167,Cash,Resale,Ready,3,3,No,"EGP 6,600,000"
170,Cash,Resale,Ready,3,2,No,"EGP 11,000,000"
165,Cash or Installment,Resale,Ready,3,3,No,"EGP 9,725,000"
170,Cash,Resale,Ready,3,3,No,"EGP 11,000,000"
235,Cash,Primary,Ready,3,3,No,"EGP 7,900,000"
180,Cash,Primary,Ready,3,3,No,"EGP 6,500,000"
170,Cash,Primary,Ready,3,3,No,"EGP 5,950,000"
174,Cash,Resale,Ready,3,3,No,"EGP 8,200,000"
175,Cash,Resale,Ready,3,3,Yes,"EGP 8,200,000"
235,Cash,Resale,Ready,4,4,No,"EGP 10,000,000"
165,Cash,Resale,Ready,3,3,Yes,"EGP 6,850,000"
140,Cash,Primary,Ready,2,2,Yes,"EGP 6,000,000"
110,Cash or Installment,Resale,Ready,2,2,No,"EGP 7,300,000"
165,Cash or Installment,Resale,Ready,3,3,No,"EGP 9,725,000"
160,Cash,Resale,Ready,3,3,No,"EGP 10,000,000"
165,Cash,Resale,Ready,3,3,No,"EGP 6,650,000"
160,Cash,Resale,Ready,3,3,No,"EGP 7,300,000"
170,Cash or Installment,Resale,Ready,3,2,No,"EGP 7,760,000"
165,Cash,Resale,Ready,3,3,No,"EGP 6,950,000"
140,Cash,Resale,Ready,2,3,No,"EGP 6,150,000"
235,Cash,Resale,Ready,3,3,No,"EGP 8,000,000"
160,Installment,Primary,Ready,3,3,No,"EGP 13,286,742"
160,Installment,Primary,Ready,3,3,No,"EGP 13,349,453"
145,Installment,Resale,Ready,3,3,No,"EGP 6,900,000"
145,Cash,Resale,Ready,2,3,No,"EGP 5,500,000"
154,Installment,Resale,Off-plan,3,3,Yes,"EGP 6,780,000"
165,Cash,Resale,Ready,3,3,No,"EGP 7,000,000"
180,Cash,Resale,Ready,3,3,No,"EGP 7,750,000"
160,Cash,Resale,Ready,3,3,No,"EGP 7,400,000"
132,Cash,Primary,Ready,3,2,No,"EGP 6,580,000"
132,Cash,Primary,Ready,3,2,No,"EGP 6,580,000"
132,Cash,Primary,Ready,3,2,No,"EGP 6,580,000"
132,Cash,Primary,Ready,3,2,No,"EGP 6,580,000"
132,Cash,Primary,Ready,3,2,No,"EGP 6,580,000"
140,Cash or Installment,Primary,Off-plan,3,4,Yes,"EGP 9,560,000"
140,Installment,Resale,Ready,3,3,No,"EGP 6,204,304"
155,Installment,Resale,Ready,3,3,Yes,"EGP 8,715,000"
165,Cash or Installment,Resale,Ready,3,3,No,"EGP 6,465,000"
170,Installment,Resale,Off-plan,3,3,Yes,"EGP 7,854,000"
170,Installment,Resale,Off-plan,3,3,Yes,"EGP 8,865,000"
140,Cash,Resale,Ready,3,2,Yes,"EGP 6,200,000"
160,Installment,Resale,Ready,3,3,No,"EGP 6,640,000"
135,Cash,Primary,Ready,3,2,Yes,"EGP 7,580,000"
135,Cash,Primary,Ready,3,2,Yes,"EGP 7,580,000"
135,Cash,Primary,Ready,3,2,Yes,"EGP 7,580,000"
135,Cash,Primary,Ready,3,2,Yes,"EGP 7,580,000"
135,Cash,Primary,Ready,3,2,Yes,"EGP 7,580,000"
145,Installment,Resale,Ready,3,3,No,"EGP 6,254,304"
165,Cash,Resale,Ready,3,3,No,"EGP 5,950,000"
140,Cash,Resale,Ready,3,3,No,"EGP 5,500,000"
140,Cash,Resale,Ready,3,3,No,"EGP 5,500,000"
165,Cash,Primary,Ready,3,3,Yes,"EGP 6,150,000"
165,Cash or Installment,Resale,Ready,3,3,Yes,"EGP 5,990,000"
140,Cash,Resale,Ready,3,3,No,"EGP 6,400,000"
145,Installment,Resale,Off-plan,3,3,No,"EGP 6,182,575"
165,Cash,Primary,Ready,3,3,Yes,"EGP 7,400,000"
205,Cash,Primary,Ready,3,4,No,"EGP 12,000,000"
160,Cash,Primary,Ready,3,3,Yes,"EGP 7,000,000"
170,Cash,Resale,Ready,3,3,Yes,"EGP 7,850,000"
125,Cash,Primary,Ready,2,2,Yes,"EGP 10,470,000"
140,Cash,Resale,Ready,2,3,Yes,"EGP 5,500,000"
180,Cash,Resale,Ready,3,3,No,"EGP 7,750,000"
174,Installment,Resale,Ready,3,3,No,"EGP 7,500,000"
70,Cash or Installment,Resale,Ready,1,1,No,"EGP 3,930,000"
155,Cash,Resale,Ready,3,3,Yes,"EGP 5,750,000"
125,Cash,Resale,Ready,2,1,Yes,"EGP 5,500,000"
170,Installment,Resale,Off-plan,3,3,No,"EGP 8,043,000"
135,Cash,Resale,Ready,3,2,Yes,"EGP 7,800,000"
140,Cash,Resale,Ready,2,3,Yes,"EGP 6,000,000"
130,Installment,Primary,Ready,3,3,Yes,"EGP 12,000,000"
140,Installment,Resale,Ready,3,3,No,"EGP 6,188,000"
140,Installment,Primary,Ready,3,3,Yes,"EGP 15,000,000"
140,Cash,Resale,Ready,2,2,Yes,"EGP 5,500,000"
160,Installment,Primary,Ready,3,3,Yes,"EGP 13,000,000"
160,Cash,Resale,Ready,3,3,No,"EGP 7,000,000"
70,Installment,Resale,Ready,1,1,No,"EGP 3,860,000"
135,Cash,Resale,Ready,2,2,Yes,"EGP 5,410,000"
174,Cash,Resale,Ready,3,3,No,"EGP 6,500,000"
110,Installment,Resale,Off-plan,2,2,Yes,"EGP 7,325,000"
155,Cash,Resale,Ready,3,3,No,"EGP 5,900,000"
160,Cash,Resale,Ready,3,3,No,"EGP 7,300,000"
160,Cash,Resale,Ready,3,2,Yes,"EGP 7,500,000"
140,Cash,Resale,Ready,2,2,No,"EGP 5,500,000"
170,Cash,Resale,Ready,3,3,Yes,"EGP 7,850,000"
175,Cash,Resale,Ready,3,3,Yes,"EGP 7,000,000"
170,Cash,Resale,Ready,3,3,No,"EGP 6,100,000"
270,Installment,Primary,Ready,4,4,No,"EGP 18,000,000"
130,Installment,Primary,Ready,2,2,No,"EGP 10,000,000"
145,Cash,Primary,Ready,3,2,Yes,"EGP 6,000,000"
140,Cash,Resale,Ready,3,3,No,"EGP 5,500,000"
160,Installment,Primary,Ready,3,3,No,"EGP 13,000,000"
165,Installment,Resale,Ready,3,3,No,"EGP 6,790,000"
170,Installment,Resale,Off-plan,3,3,Yes,"EGP 7,600,000"
160,Cash,Primary,Ready,3,2,Yes,"EGP 8,000,000"
165,Cash,Resale,Ready,3,3,No,"EGP 6,250,000"
175,Cash,Resale,Ready,3,3,Yes,"EGP 8,600,000"
165,Cash or Installment,Resale,Ready,3,3,No,"EGP 6,470,000"
165,Cash,Resale,Ready,3,2,Yes,"EGP 6,650,000"
205,Cash,Resale,Ready,3,3,Yes,"EGP 11,500,000"
165,Cash,Resale,Ready,3,3,No,"EGP 5,950,000"
145,Installment,Resale,Ready,3,3,No,"EGP 6,254,304"
160,Installment,Resale,Ready,3,3,No,"EGP 6,640,000"
155,Cash,Primary,Ready,3,3,Yes,"EGP 5,900,000"
180,Cash,Primary,Ready,3,3,Yes,"EGP 7,750,000"
165,Cash or Installment,Resale,Ready,3,3,No,"EGP 5,990,000"
155,Cash,Primary,Ready,3,3,Yes,"EGP 5,900,000"
170,Cash,Resale,Ready,3,3,No,"EGP 7,850,000"
180,Cash,Primary,Ready,3,3,No,"EGP 7,750,000"
140,Installment,Resale,Ready,3,3,No,"EGP 6,400,000"
172,Cash or Installment,Primary,Ready,3,2,Yes,"EGP 11,800,000"
165,Cash,Resale,Ready,2,3,Yes,"EGP 7,400,000"
170,Cash or Installment,Resale,Ready,3,3,No,"EGP 8,720,000"
140,Cash,Resale,Ready,3,3,No,"EGP 5,500,000"
160,Cash,Resale,Ready,3,3,No,"EGP 7,300,000"
170,Cash,Resale,Ready,3,3,Yes,"EGP 6,300,000"
165,Installment,Resale,Off-plan,3,3,No,"EGP 8,200,000"
160,Installment,Resale,Ready,3,3,No,"EGP 6,640,000"
235,Cash,Resale,Ready,4,4,No,"EGP 7,900,000"
170,Cash,Resale,Ready,3,3,No,"EGP 6,250,000"
145,Cash,Resale,Ready,2,3,No,"EGP 5,500,000"
70,Cash or Installment,Resale,Ready,1,1,No,"EGP 5,623,000"
109,Installment,Resale,Off-plan,2,2,No,"EGP 7,324,220"
165,Cash,Resale,Ready,3,3,No,"EGP 6,250,000"
110,Cash,Resale,Ready,2,2,No,"EGP 5,524,052"
170,Installment,Primary,Ready,3,3,No,"EGP 14,650,201"
145,Installment,Primary,Ready,3,3,No,"EGP 16,315,400"
160,Cash,Primary,Ready,3,3,Yes,"EGP 7,000,000"
165,Cash,Primary,Ready,3,3,Yes,"EGP 7,400,000"
145,Installment,Resale,Ready,3,3,No,"EGP 6,254,304"
140,Cash,Resale,Ready,2,2,Yes,"EGP 5,500,000"
170,Installment,Resale,Ready,3,3,Yes,"EGP 8,860,000"
160,Installment,Primary,Ready,3,3,No,"EGP 16,479,047"
175,Cash,Resale,Ready,3,3,Yes,"EGP 6,300,000"
185,Cash,Resale,Ready,3,3,Yes,"EGP 7,500,000"
175,Cash,Resale,Ready,3,3,Yes,"EGP 8,650,000"
160,Installment,Primary,Ready,3,3,No,"EGP 16,479,047"
165,Cash,Primary,Ready,3,3,No,"EGP 5,950,000"
170,Installment,Primary,Ready,3,3,No,"EGP 14,650,201"
135,Cash,Resale,Ready,2,2,Yes,"EGP 5,162,000"
175,Cash,Primary,Ready,3,3,Yes,"EGP 8,200,000"
170,Cash,Primary,Ready,3,3,No,"EGP 6,670,000"
160,Cash,Resale,Ready,3,3,No,"EGP 7,500,000"
160,Installment,Primary,Ready,3,3,No,"EGP 16,479,047"
160,Cash,Resale,Ready,3,3,No,"EGP 7,300,000"
165,Cash,Primary,Ready,3,3,No,"EGP 6,950,000"
160,Installment,Primary,Ready,3,3,No,"EGP 16,479,047"
165,Cash,Resale,Ready,3,3,Yes,"EGP 6,000,000"
165,Cash,Resale,Ready,3,3,No,"EGP 6,250,000"
170,Cash,Resale,Ready,3,3,No,"EGP 7,500,000"
235,Cash,Resale,Ready,3,3,No,"EGP 8,500,000"
150,Cash,Primary,Ready,3,3,No,"EGP 6,000,000"
170,Cash,Resale,Ready,3,3,No,"EGP 6,250,000"
170,Cash,Resale,Ready,3,3,No,"EGP 7,500,000"
180,Cash,Resale,Ready,3,3,No,"EGP 14,000,000"
164,Installment,Resale,Off-plan,3,3,No,"EGP 5,990,000"
175,Cash,Resale,Ready,3,3,No,"EGP 6,500,000"
160,Cash,Resale,Ready,3,3,Yes,"EGP 7,300,000"
170,Cash,Resale,Ready,3,3,Yes,"EGP 7,800,000"
165,Installment,Resale,Ready,2,3,Yes,"EGP 7,415,000"
170,Installment,Resale,Off-plan,3,3,No,"EGP 7,600,000"
155,Installment,Resale,Off-plan,3,3,No,"EGP 6,700,000"
165,Installment,Resale,Off-plan,3,3,No,"EGP 6,400,000"
165,Cash or Installment,Resale,Ready,3,3,Yes,"EGP 6,800,000"
165,Installment,Resale,Ready,3,3,No,"EGP 7,900,000"
180,Cash,Resale,Ready,3,3,Yes,"EGP 7,200,000"
185,Cash or Installment,Primary,Ready,3,2,Yes,"EGP 17,700,000"
160,Cash or Installment,Primary,Ready,3,2,Yes,"EGP 16,500,000"
185,Cash or Installment,Primary,Ready,3,2,Yes,"EGP 17,700,000"
185,Cash or Installment,Primary,Ready,3,2,Yes,"EGP 17,700,000"
165,Cash or Installment,Resale,Ready,2,3,No,"EGP 7,400,000"
180,Installment,Resale,Ready,3,3,No,"EGP 7,500,000"
70,Installment,Resale,Ready,1,1,No,"EGP 4,650,000"
165,Cash,Resale,Ready,3,3,Yes,"EGP 6,850,000"
165,Cash,Resale,Ready,3,3,Yes,"EGP 6,020,000"
170,Cash,Resale,Ready,3,3,Yes,"EGP 6,500,000"
145,Cash or Installment,Resale,Ready,3,2,Yes,"EGP 9,250,000"
175,Cash,Resale,Ready,3,3,No,"EGP 6,250,000"
180,Cash,Resale,Ready,3,3,No,"EGP 7,500,000"
155,Cash,Resale,Ready,3,3,No,"EGP 5,900,000"
154,Installment,Resale,Off-plan,3,3,No,"EGP 6,480,000"
120,Installment,Resale,Ready,2,2,No,"EGP 6,589,000"
165,Installment,Resale,Off-plan,3,3,No,"EGP 5,990,000"
159,Cash,Resale,Ready,3,3,No,"EGP 6,500,000"
167,Cash,Primary,Ready,3,3,No,"EGP 6,160,000"
170,Cash,Resale,Ready,3,3,Yes,"EGP 6,500,000"
165,Cash,Resale,Ready,3,2,Yes,"EGP 8,000,000"
130,Cash or Installment,Primary,Ready,2,2,Yes,"EGP 11,406,903"
170,Cash,Resale,Ready,3,3,Yes,"EGP 8,000,000"
170,Cash,Resale,Ready,3,3,No,"EGP 7,650,000"
185,Cash,Primary,Ready,3,3,Yes,"EGP 5,800,000"
160,Cash,Primary,Ready,3,3,Yes,"EGP 9,800,000"
110,Cash,Primary,Ready,2,2,Yes,"EGP 9,000,000"
139,Cash,Primary,Ready,2,2,Yes,"EGP 9,600,000"
174,Cash,Resale,Off-plan,3,3,No,"EGP 5,800,000"
235,Cash,Resale,Ready,4,4,No,"EGP 16,000,000"
170,Cash,Resale,Ready,3,3,Yes,"EGP 8,000,000"
170,Installment,Resale,Off-plan,3,3,No,"EGP 7,600,000"
185,Cash,Primary,Ready,3,3,Yes,"EGP 6,500,000"
135,Cash,Resale,Ready,3,2,Yes,"EGP 7,800,000"
175,Cash,Resale,Ready,3,3,No,"EGP 6,560,000"
235,Cash,Resale,Ready,4,3,Yes,"EGP 9,000,000"
165,Cash,Resale,Ready,3,3,Yes,"EGP 6,000,000"
165,Cash,Primary,Ready,3,3,Yes,"EGP 7,400,000"
165,Installment,Resale,Ready,2,2,No,"EGP 6,313,000"
155,Installment,Resale,Ready,3,3,No,"EGP 6,530,000"
140,Cash,Primary,Ready,3,2,Yes,"EGP 9,000,000"
140,Installment,Primary,Ready,2,2,Yes,"EGP 15,226,159"
170,Cash,Resale,Ready,3,3,No,"EGP 7,000,000"
150,Cash,Resale,Ready,3,2,No,"EGP 7,500,000"
145,Cash,Resale,Ready,2,3,Yes,"EGP 5,700,000"
235,Cash,Resale,Ready,4,3,Yes,"EGP 8,500,000"
165,Installment,Resale,Ready,3,3,No,"EGP 6,971,000"
125,Cash,Resale,Ready,2,1,Yes,"EGP 5,500,000"
170,Installment,Resale,Off-plan,3,3,No,"EGP 7,732,255"
135,Cash,Resale,Ready,3,3,No,"EGP 5,500,000"
145,Installment,Resale,Ready,3,3,No,"EGP 6,254,304"
160,Cash,Resale,Ready,3,3,No,"EGP 8,500,000"
165,Cash,Resale,Ready,3,3,No,"EGP 5,950,000"
230,Cash,Resale,Ready,3,3,No,"EGP 11,500,000"
160,Cash,Resale,Ready,3,2,Yes,"EGP 7,500,000"
235,Cash,Resale,Ready,3,3,Yes,"EGP 8,000,000"
145,Cash,Resale,Ready,2,3,No,"EGP 5,700,000"
155,Cash,Resale,Ready,3,3,No,"EGP 6,000,000"
165,Cash,Resale,Ready,3,2,No,"EGP 8,000,000"
140,Cash or Installment,Primary,Ready,2,3,Yes,"EGP 10,000,000"
125,Cash or Installment,Resale,Ready,2,2,Yes,"EGP 6,700,000"
145,Cash or Installment,Resale,Ready,3,2,Yes,"EGP 8,800,000"
135,Cash or Installment,Resale,Ready,3,2,Yes,"EGP 7,700,000"
160,Cash,Resale,Ready,3,3,No,"EGP 7,350,000"
130,Cash,Resale,Ready,2,2,Yes,"EGP 5,600,000"
165,Installment,Resale,Off-plan,3,3,No,"EGP 5,900,000"
125,Cash,Primary,Ready,2,3,Yes,"EGP 7,800,000"
170,Cash,Resale,Ready,3,2,No,"EGP 6,500,000"
176,Cash,Resale,Ready,3,3,No,"EGP 6,500,000"
135,Cash,Resale,Ready,3,2,Yes,"EGP 7,777,000"
140,Installment,Resale,Ready,3,3,No,"EGP 6,487,000"
175,Cash,Resale,Ready,3,3,No,"EGP 8,000,000"
240,Cash,Resale,Ready,3,4,No,"EGP 8,350,000"
170,Cash,Resale,Ready,3,3,No,"EGP 7,576,000"
165,Cash,Resale,Ready,3,3,No,"EGP 5,900,000"
165,Cash,Resale,Ready,3,3,Yes,"EGP 5,900,000"
166,Installment,Resale,Ready,3,3,No,"EGP 7,605,000"
140,Cash,Resale,Ready,2,3,No,"EGP 6,000,000"
145,Installment,Resale,Ready,3,3,Yes,"EGP 8,800,000"
145,Cash or Installment,Primary,Off-plan,3,3,Yes,"EGP 10,500,000"
165,Cash,Primary,Ready,3,3,Yes,"EGP 7,400,000"
110,Installment,Resale,Off-plan,2,2,No,"EGP 6,660,000"
170,Cash,Resale,Ready,3,3,Yes,"EGP 6,700,000"
160,Cash,Primary,Ready,3,3,Yes,"EGP 7,000,000"
165,Cash,Resale,Ready,3,3,Yes,"EGP 8,000,000"
170,Installment,Resale,Off-plan,3,3,No,"EGP 8,283,000"
165,Installment,Resale,Ready,3,3,Yes,"EGP 5,990,000"
180,Cash,Primary,Ready,3,3,Yes,"EGP 7,750,000"
130,Cash,Resale,Ready,2,2,No,"EGP 5,700,000"
165,Cash,Primary,Ready,3,3,Yes,"EGP 6,150,000"
175,Cash,Primary,Ready,3,3,Yes,"EGP 6,500,000"
150,Installment,Resale,Off-plan,3,3,No,"EGP 7,263,000"
160,Cash or Installment,Resale,Ready,3,3,No,"EGP 8,283,000"
160,Cash or Installment,Primary,Ready,3,3,Yes,"EGP 9,000,000"
160,Cash,Resale,Ready,3,3,Yes,"EGP 7,500,000"
155,Cash or Installment,Primary,Ready,3,2,Yes,"EGP 12,000,000"
165,Cash,Resale,Ready,3,3,No,"EGP 6,150,000"
165,Cash,Resale,Ready,3,3,No,"EGP 7,400,000"
164,Installment,Resale,Ready,3,3,No,"EGP 6,245,090"
140,Installment,Primary,Ready,2,2,No,"EGP 15,226,159"
155,Installment,Resale,Ready,3,3,No,"EGP 6,500,000"
175,Installment,Resale,Ready,3,3,No,"EGP 7,500,000"
140,Cash,Resale,Ready,3,3,No,"EGP 8,330,000"
170,Installment,Resale,Ready,3,3,Yes,"EGP 8,720,000"
170,Installment,Resale,Ready,3,3,No,"EGP 7,958,000"
210,Cash,Resale,Ready,2,3,No,"EGP 8,600,000"
170,Cash,Resale,Ready,3,3,No,"EGP 6,500,000"
160,Cash,Resale,Ready,3,3,No,"EGP 6,000,000"
160,Cash,Resale,Ready,3,3,No,"EGP 7,200,000"
175,Cash,Resale,Ready,3,3,No,"EGP 7,700,000"
155,Cash,Resale,Ready,3,3,No,"EGP 6,800,000"
165,Cash,Resale,Ready,3,3,No,"EGP 6,250,000"
167,Cash,Resale,Ready,3,3,Yes,"EGP 7,500,000"
180,Cash,Resale,Ready,3,3,No,"EGP 6,900,000"
160,Cash,Resale,Ready,3,3,No,"EGP 7,500,000"
160,Cash,Resale,Ready,3,3,No,"EGP 6,500,000"
135,Installment,Resale,Ready,2,2,Yes,"EGP 5,410,000"
155,Installment,Resale,Off-plan,3,3,No,"EGP 6,430,000"
210,Cash,Resale,Ready,3,3,No,"EGP 8,600,000"
205,Cash,Resale,Ready,4,3,No,"EGP 8,300,000"
260,Cash,Resale,Ready,3,3,No,"EGP 9,400,000"
165,Cash,Resale,Ready,3,3,No,"EGP 7,300,000"
140,Installment,Resale,Ready,3,3,No,"EGP 8,960,960"
170,Installment,Resale,Ready,3,3,Yes,"EGP 8,842,000"
160,Cash,Resale,Ready,3,3,No,"EGP 9,300,000"
160,Cash,Resale,Ready,3,3,No,"EGP 6,000,000"
170,Cash,Resale,Ready,3,3,No,"EGP 6,250,000"
170,Cash,Resale,Ready,3,3,Yes,"EGP 8,200,000"
235,Cash,Resale,Ready,3,3,No,"EGP 8,500,000"
235,Cash,Resale,Ready,3,3,No,"EGP 8,600,000"
165,Cash,Primary,Ready,3,3,Yes,"EGP 10,200,000"
160,Cash,Resale,Ready,3,3,No,"EGP 7,300,000"
165,Cash or Installment,Primary,Ready,3,3,Yes,"EGP 17,700,000"
234,Installment,Resale,Ready,3,3,No,"EGP 9,800,000"
160,Cash,Primary,Ready,3,3,Yes,"EGP 9,800,000"
170,Cash,Resale,Ready,3,2,No,"EGP 7,000,000"
225,Cash,Resale,Ready,4,3,No,"EGP 13,000,000"
110,Cash,Resale,Ready,2,2,No,"EGP 5,500,000"
140,Cash,Resale,Ready,2,2,Yes,"EGP 5,500,000"
160,Cash or Installment,Primary,Ready,3,3,Yes,"EGP 16,400,000"
110,Cash,Primary,Ready,2,2,Yes,"EGP 9,000,000"
180,Cash,Resale,Ready,3,3,No,"EGP 9,000,000"
150,Installment,Resale,Ready,3,3,No,"EGP 6,193,000"
175,Cash,Primary,Ready,3,3,No,"EGP 7,300,000"
165,Installment,Resale,Ready,3,3,No,"EGP 6,700,000"
142,Cash,Primary,Ready,3,2,Yes,"EGP 5,100,000"
225,Cash or Installment,Resale,Ready,3,3,Yes,"EGP 9,000,000"
110,Installment,Resale,Ready,2,2,No,"EGP 5,112,052"
170,Cash,Resale,Ready,3,2,Yes,"EGP 7,600,000"
170,Cash,Primary,Ready,3,3,No,"EGP 6,100,000"
175,Cash,Resale,Ready,3,3,No,"EGP 7,500,000"
165,Installment,Resale,Ready,3,3,No,"EGP 6,530,000"
150,Cash,Resale,Ready,3,3,No,"EGP 5,700,000"
166,Installment,Resale,Ready,3,3,No,"EGP 6,800,000"
180,Cash,Primary,Ready,3,2,Yes,"EGP 14,400,000"
205,Cash or Installment,Primary,Ready,3,2,Yes,"EGP 6,000,000"
140,Cash,Primary,Ready,2,2,Yes,"EGP 5,200,000"
170,Cash,Resale,Ready,3,3,Yes,"EGP 7,500,000"
170,Cash,Resale,Ready,3,3,No,"EGP 8,720,000"
160,Cash,Resale,Ready,3,3,No,"EGP 7,300,000"
150,Installment,Resale,Ready,3,3,No,"EGP 6,200,000"
145,Cash,Resale,Ready,2,3,No,"EGP 5,700,000"
150,Cash or Installment,Resale,Ready,3,3,No,"EGP 6,193,000"
145,Cash,Resale,Ready,2,3,No,"EGP 5,700,000"
110,Cash or Installment,Primary,Ready,2,2,Yes,"EGP 15,000,000"
140,Cash or Installment,Primary,Ready,2,2,Yes,"EGP 16,000,000"
170,Cash,Resale,Ready,3,3,No,"EGP 8,400,000"
175,Cash,Resale,Ready,3,3,Yes,"EGP 6,300,000"
170,Cash,Resale,Ready,2,2,Yes,"EGP 7,600,000"
175,Cash,Resale,Ready,3,3,Yes,"EGP 6,300,000"
145,Cash,Resale,Ready,3,3,Yes,"EGP 9,000,000"
139,Cash,Primary,Ready,2,2,Yes,"EGP 9,600,000"
140,Installment,Primary,Ready,2,2,No,"EGP 15,226,159"
110,Cash,Primary,Ready,2,2,Yes,"EGP 12,000,000"
140,Cash,Primary,Ready,2,2,No,"EGP 8,800,000"
150,Installment,Resale,Ready,3,3,Yes,"EGP 7,625,000"
150,Installment,Resale,Ready,3,3,No,"EGP 7,625,000"
170,Cash,Resale,Ready,3,2,No,"EGP 8,400,000"
110,Cash or Installment,Primary,Ready,2,2,No,"EGP 7,800,000"
170,Cash,Resale,Ready,3,3,No,"EGP 7,950,000"
160,Cash,Resale,Ready,3,3,Yes,"EGP 9,000,000"
155,Installment,Resale,Off-plan,3,3,Yes,"EGP 7,035,000"
140,Installment,Resale,Ready,3,3,Yes,"EGP 6,188,000"
165,Installment,Resale,Ready,3,3,Yes,"EGP 5,990,000"
135,Installment,Resale,Ready,2,3,No,"EGP 5,360,000"
135,Cash or Installment,Resale,Ready,2,2,No,"EGP 6,000,000"
275,Cash,Resale,Ready,3,3,No,"EGP 17,500,000"
175,Cash,Resale,Ready,3,3,Yes,"EGP 8,000,000"
175,Cash,Resale,Ready,3,3,No,"EGP 7,000,000"
235,Cash,Resale,Ready,4,4,No,"EGP 7,850,000"
165,Cash,Primary,Ready,3,3,Yes,"EGP 6,150,000"
160,Cash,Resale,Ready,3,3,No,"EGP 7,000,000"
160,Cash,Resale,Ready,3,3,No,"EGP 7,600,000"
170,Cash,Resale,Ready,3,3,No,"EGP 7,700,000"
180,Cash,Resale,Ready,3,3,No,"EGP 7,000,000"
175,Cash,Resale,Ready,3,3,No,"EGP 6,500,000"
144,Cash or Installment,Resale,Off-plan,3,3,No,"EGP 9,459,280"
165,Cash,Resale,Ready,3,3,No,"EGP 7,850,000"
130,Installment,Resale,Ready,2,2,Yes,"EGP 7,000,000"
160,Cash,Primary,Ready,3,3,Yes,"EGP 6,900,000"
163,Cash,Resale,Ready,2,2,No,"EGP 7,800,000"
160,Cash or Installment,Resale,Ready,3,3,No,"EGP 8,783,000"
160,Cash,Resale,Ready,3,3,No,"EGP 7,300,000"
160,Cash,Resale,Ready,3,3,Yes,"EGP 7,300,000"
169,Cash or Installment,Resale,Ready,3,3,No,"EGP 8,559,440"
140,Cash,Resale,Ready,2,3,Yes,"EGP 5,500,000"
175,Cash or Installment,Resale,Off-plan,3,3,No,"EGP 10,213,035"
150,Cash or Installment,Resale,Off-plan,3,3,No,"EGP 9,195,780"
135,Installment,Resale,Ready,2,2,No,"EGP 5,410,000"
170,Cash,Resale,Ready,3,3,No,"EGP 6,100,000"
160,Cash or Installment,Resale,Ready,3,3,No,"EGP 8,783,000"
170,Cash,Resale,Ready,3,3,Yes,"EGP 6,200,000"
140,Cash or Installment,Resale,Ready,3,3,No,"EGP 9,681,141"
165,Cash,Resale,Ready,3,3,Yes,"EGP 7,950,000"
160,Cash or Installment,Resale,Ready,3,3,No,"EGP 12,500,000"
155,Cash or Installment,Resale,Ready,3,3,No,"EGP 6,500,000"
155,Cash,Resale,Ready,3,3,No,"EGP 5,900,000"
145,Cash or Installment,Resale,Off-plan,3,3,No,"EGP 8,800,000"
135,Cash,Resale,Ready,3,2,Yes,"EGP 7,700,000"
140,Cash,Primary,Ready,2,3,No,"EGP 5,500,000"
170,Cash or Installment,Resale,Ready,3,3,Yes,"EGP 8,188,255"
135,Installment,Resale,Ready,2,2,Yes,"EGP 5,410,000"
170,Cash,Resale,Ready,3,3,Yes,"EGP 8,400,000"
135,Installment,Resale,Ready,2,2,No,"EGP 4,900,000"
185,Installment,Resale,Ready,4,4,No,"EGP 11,500,000"
233,Cash,Resale,Ready,3,3,Yes,"EGP 8,405,000"
225,Cash or Installment,Resale,Ready,3,2,Yes,"EGP 9,000,000"
160,Cash,Resale,Ready,3,3,No,"EGP 7,300,000"
170,Cash,Resale,Ready,3,2,No,"EGP 8,500,000"
170,Cash,Primary,Ready,3,3,No,"EGP 5,750,000"
155,Cash or Installment,Resale,Ready,3,3,No,"EGP 6,400,000"
125,Cash or Installment,Resale,Ready,2,2,Yes,"EGP 5,250,000"
235,Cash,Resale,Ready,4,3,Yes,"EGP 8,500,000"
165,Cash,Primary,Ready,3,3,No,"EGP 6,150,000"
160,Cash,Resale,Ready,3,3,No,"EGP 6,500,000"
165,Installment,Resale,Ready,3,3,Yes,"EGP 5,940,000"
170,Cash,Resale,Ready,2,2,No,"EGP 7,750,000"
165,Cash,Resale,Ready,3,3,Yes,"EGP 7,700,000"
173,Installment,Resale,Ready,3,3,Yes,"EGP 7,700,449"
125,Cash,Resale,Ready,2,2,Yes,"EGP 4,850,000"
165,Cash,Resale,Ready,3,3,Yes,"EGP 6,850,000"
168,Installment,Resale,Off-plan,3,3,Yes,"EGP 8,063,255"
170,Installment,Resale,Off-plan,3,3,Yes,"EGP 8,063,255"
175,Cash,Resale,Ready,3,3,Yes,"EGP 8,000,000"
170,Cash,Resale,Ready,3,3,Yes,"EGP 6,300,000"
170,Cash,Resale,Off-plan,3,3,Yes,"EGP 5,750,000"
145,Installment,Resale,Off-plan,3,3,Yes,"EGP 10,187,332"
170,Installment,Resale,Ready,3,3,Yes,"EGP 7,753,255"
180,Cash,Resale,Ready,3,3,No,"EGP 9,000,000"
165,Cash or Installment,Resale,Ready,3,3,No,"EGP 7,900,000"
155,Installment,Resale,Off-plan,3,3,No,"EGP 6,700,000"
180,Installment,Resale,Off-plan,3,3,No,"EGP 8,720,000"
135,Installment,Resale,Ready,2,2,No,"EGP 5,100,000"
165,Cash or Installment,Resale,Ready,3,3,No,"EGP 7,900,000"
135,Cash or Installment,Resale,Ready,2,2,No,"EGP 5,762,830"
165,Cash or Installment,Resale,Ready,3,3,No,"EGP 6,100,000"
124,Cash,Resale,Ready,2,2,No,"EGP 6,000,000"
125,Cash or Installment,Resale,Ready,2,2,No,"EGP 6,300,000"
171,Cash,Resale,Ready,3,3,No,"EGP 9,000,000"
155,Cash or Installment,Resale,Ready,3,3,No,"EGP 6,300,000"
140,Cash or Installment,Resale,Ready,3,3,No,"EGP 5,930,000"
165,Cash or Installment,Resale,Ready,3,3,No,"EGP 6,640,000"
105,Cash or Installment,Resale,Ready,2,2,No,"EGP 6,160,000"
165,Cash or Installment,Resale,Ready,3,3,No,"EGP 6,650,000"
164,Cash or Installment,Resale,Ready,3,3,No,"EGP 7,040,000"
160,Cash,Resale,Ready,3,3,No,"EGP 8,500,000"
160,Cash,Resale,Ready,3,3,No,"EGP 9,000,000"
220,Cash,Resale,Ready,4,4,No,"EGP 10,000,000"
94,Cash or Installment,Resale,Ready,1,1,No,"EGP 5,400,000"
160,Cash or Installment,Resale,Ready,3,3,No,"EGP 13,000,000"
160,Cash or Installment,Resale,Ready,3,3,No,"EGP 8,783,000"
165,Cash or Installment,Resale,Ready,3,3,No,"EGP 6,600,000"
160,Cash or Installment,Resale,Ready,3,3,No,"EGP 8,783,000"
175,Cash,Resale,Ready,3,3,Yes,"EGP 8,600,000"
140,Cash or Installment,Primary,Ready,2,2,Yes,"EGP 15,132,972"
65,Cash or Installment,Resale,Ready,1,1,No,"EGP 5,600,000"
140,Cash,Resale,Ready,2,2,No,"EGP 5,700,000"
180,Cash or Installment,Primary,Ready,3,3,No,"EGP 9,120,000"
170,Cash,Resale,Ready,3,3,No,"EGP 7,500,000"
135,Installment,Resale,Ready,3,3,No,"EGP 5,410,000"
165,Installment,Resale,Ready,3,3,No,"EGP 8,000,000"
175,Cash,Primary,Ready,3,3,No,"EGP 5,950,000"
135,Installment,Resale,Ready,2,2,No,"EGP 4,900,000"
170,Cash,Resale,Ready,3,3,No,"EGP 6,650,000"
235,Cash,Resale,Ready,3,3,No,"EGP 8,000,000"
140,Installment,Resale,Ready,3,3,No,"EGP 6,487,000"
160,Cash,Resale,Ready,3,3,No,"EGP 6,300,000"
65,Cash or Installment,Resale,Off-plan,1,1,No,"EGP 5,500,000"
155,Cash,Resale,Ready,3,3,No,"EGP 5,750,000"
160,Cash,Resale,Ready,3,3,Yes,"EGP 6,850,000"
170,Cash,Resale,Ready,3,3,No,"EGP 7,800,000"
170,Installment,Resale,Off-plan,3,3,No,"EGP 7,750,000"
170,Cash,Resale,Ready,3,3,No,"EGP 6,200,000"
170,Installment,Resale,Ready,3,3,No,"EGP 7,735,000"
130,Cash,Resale,Ready,2,2,No,"EGP 5,700,000"
165,Cash or Installment,Primary,Ready,3,2,No,"EGP 19,666,434"
170,Cash,Primary,Ready,3,3,Yes,"EGP 6,100,000"
170,Installment,Resale,Off-plan,3,3,No,"EGP 7,893,440"
165,Cash,Resale,Ready,3,3,No,"EGP 5,800,000"
139,Cash,Resale,Ready,2,2,Yes,"EGP 5,470,000"
235,Cash,Resale,Ready,3,3,Yes,"EGP 8,600,000"
165,Cash,Resale,Ready,3,3,No,"EGP 6,000,000"
170,Cash or Installment,Resale,Off-plan,3,3,Yes,"EGP 7,782,255"
165,Installment,Resale,Ready,3,3,No,"EGP 6,530,000"
110,Cash,Resale,Ready,2,2,No,"EGP 5,500,000"
165,Cash or Installment,Resale,Ready,3,3,Yes,"EGP 6,720,000"
180,Cash,Resale,Ready,3,3,No,"EGP 7,600,000"
140,Cash,Primary,Ready,3,3,Yes,"EGP 5,530,000"
235,Cash,Resale,Ready,3,3,No,"EGP 8,500,000"
145,Installment,Resale,Ready,3,3,No,"EGP 6,250,000"
170,Cash or Installment,Resale,Off-plan,3,3,No,"EGP 8,643,440"
165,Installment,Resale,Ready,3,3,No,"EGP 6,790,000"
180,Cash,Resale,Ready,3,3,No,"EGP 7,600,000"
153,Cash,Resale,Ready,3,3,No,"EGP 9,450,000"
130,Cash or Installment,Primary,Ready,3,3,Yes,"EGP 11,000,000"
160,Cash,Resale,Ready,3,3,No,"EGP 9,250,000"
171,Cash,Resale,Ready,3,3,No,"EGP 6,600,000"
180,Cash,Resale,Ready,3,3,No,"EGP 8,500,000"
140,Cash,Resale,Ready,2,2,No,"EGP 5,500,000"
160,Cash,Resale,Ready,3,3,Yes,"EGP 6,850,000"
170,Cash,Resale,Ready,3,3,Yes,"EGP 6,500,000"
180,Installment,Resale,Off-plan,3,3,No,"EGP 8,720,000"
170,Cash,Resale,Ready,3,3,No,"EGP 6,600,000"
170,Cash,Resale,Ready,3,3,No,"EGP 8,880,000"
165,Cash,Resale,Ready,3,3,Yes,"EGP 7,050,000"
175,Cash,Primary,Ready,3,3,No,"EGP 5,950,000"
235,Cash,Resale,Ready,3,3,No,"EGP 8,800,000"
155,Cash or Installment,Resale,Ready,3,3,No,"EGP 6,480,000"
170,Cash,Resale,Ready,3,3,No,"EGP 8,000,000"
170,Cash,Resale,Ready,3,3,No,"EGP 5,800,000"
140,Installment,Resale,Ready,3,3,No,"EGP 8,960,960"
140,Cash or Installment,Primary,Ready,2,2,Yes,"EGP 9,000,196"
172,Cash or Installment,Primary,Ready,3,2,Yes,"EGP 12,000,000"
170,Installment,Resale,Ready,3,3,No,"EGP 7,800,000"
169,Cash or Installment,Resale,Off-plan,3,3,No,"EGP 7,782,255"
165,Installment,Resale,Ready,3,3,No,"EGP 7,750,255"
170,Installment,Resale,Ready,3,3,No,"EGP 7,750,000"
165,Installment,Resale,Ready,3,3,No,"EGP 7,750,255"
170,Installment,Resale,Ready,3,3,No,"EGP 7,745,000"
135,Installment,Resale,Ready,2,2,No,"EGP 5,100,000"
170,Installment,Resale,Off-plan,3,3,No,"EGP 7,735,000"
165,Cash,Resale,Ready,3,2,Yes,"EGP 6,000,000"
90,Installment,Resale,Off-plan,1,1,Yes,"EGP 4,850,000"
153,Installment,Resale,Off-plan,3,3,No,"EGP 6,780,000"
170,Installment,Resale,Off-plan,3,3,No,"EGP 8,130,000"
110,Cash,Resale,Ready,2,2,Yes,"EGP 6,250,000"
160,Cash,Resale,Ready,3,3,No,"EGP 7,000,000"
170,Installment,Resale,Off-plan,3,3,Yes,"EGP 7,854,000"
165,Cash,Resale,Ready,3,3,No,"EGP 8,000,000"
125,Cash,Resale,Ready,2,2,Yes,"EGP 4,700,000"
170,Cash,Primary,Ready,3,2,Yes,"EGP 8,710,000"
114,Cash or Installment,Primary,Ready,2,1,Yes,"EGP 7,200,000"
165,Installment,Resale,Ready,3,3,No,"EGP 5,990,000"
109,Cash or Installment,Primary,Ready,2,1,Yes,"EGP 7,800,000"
170,Cash,Resale,Ready,3,3,No,"EGP 8,250,000"
165,Cash or Installment,Resale,Ready,3,2,Yes,"EGP 7,450,000"
160,Cash,Resale,Ready,3,3,Yes,"EGP 7,000,000"
165,Cash,Primary,Ready,3,3,Yes,"EGP 5,300,000"
155,Cash,Primary,Ready,3,3,Yes,"EGP 6,480,000"
155,Installment,Resale,Ready,3,3,No,"EGP 6,500,000"
175,Cash,Resale,Ready,3,3,No,"EGP 7,200,000"
110,Installment,Resale,Ready,2,2,No,"EGP 5,112,052"
70,Cash or Installment,Resale,Ready,1,1,No,"EGP 3,860,000"
170,Cash,Resale,Ready,3,2,Yes,"EGP 11,000,000"
170,Cash,Primary,Ready,3,3,No,"EGP 7,300,000"
170,Cash or Installment,Primary,Ready,3,3,Yes,"EGP 13,820,000"
155,Cash,Resale,Ready,3,3,Yes,"EGP 5,750,000"
165,Cash,Primary,Ready,3,3,No,"EGP 6,050,000"
170,Cash,Resale,Ready,3,3,Yes,"EGP 5,600,000"
155,Cash,Primary,Ready,3,3,Yes,"EGP 5,900,000"
150,Cash or Installment,Resale,Off-plan,3,3,No,"EGP 8,497,872"
165,Installment,Resale,Off-plan,3,3,No,"EGP 5,940,000"
140,Cash,Primary,Ready,2,3,Yes,"EGP 5,500,000"
170,Installment,Resale,Ready,3,3,No,"EGP 7,732,255"
140,Cash,Primary,Ready,2,2,Yes,"EGP 16,872,695"
170,Cash,Resale,Ready,3,3,No,"EGP 6,300,000"
160,Cash,Resale,Ready,2,2,Yes,"EGP 6,900,000"
110,Cash,Primary,Ready,2,2,Yes,"EGP 15,000,000"
169,Installment,Resale,Off-plan,3,3,No,"EGP 7,753,000"
140,Cash,Primary,Ready,2,2,Yes,"EGP 15,025,793"
140,Cash or Installment,Resale,Ready,3,2,No,"EGP 13,274,816"
165,Cash,Resale,Ready,3,3,Yes,"EGP 7,300,000"
120,Cash or Installment,Resale,Ready,2,2,No,"EGP 6,232,012"
172,Cash or Installment,Primary,Ready,3,2,Yes,"EGP 15,000,000"
136,Installment,Resale,Ready,2,3,No,"EGP 8,500,000"
165,Installment,Resale,Off-plan,3,3,No,"EGP 7,176,000"
125,Installment,Resale,Ready,2,2,No,"EGP 5,570,000"
164,Cash,Resale,Ready,3,3,Yes,"EGP 8,400,000"
155,Installment,Resale,Off-plan,3,3,Yes,"EGP 7,035,000"
155,Cash or Installment,Primary,Ready,3,2,Yes,"EGP 12,200,000"
150,Cash or Installment,Primary,Ready,3,2,Yes,"EGP 8,800,000"
145,Cash or Installment,Resale,Ready,3,2,No,"EGP 9,290,000"
150,Cash,Resale,Ready,3,3,Yes,"EGP 7,600,000"
139,Cash,Resale,Ready,2,2,Yes,"EGP 5,495,000"
140,Cash or Installment,Primary,Ready,3,3,Yes,"EGP 9,000,000"
160,Cash,Resale,Ready,3,3,Yes,"EGP 11,500,000"
165,Cash,Resale,Ready,3,3,No,"EGP 6,500,000"
225,Installment,Resale,Off-plan,3,3,Yes,"EGP 13,000,000"
165,Cash,Resale,Ready,3,3,Yes,"EGP 6,500,000"
155,Installment,Resale,Ready,3,3,Yes,"EGP 7,037,145"
145,Cash or Installment,Resale,Off-plan,3,3,No,"EGP 8,040,350"
161,Cash,Resale,Ready,3,3,No,"EGP 5,800,000"
173,Cash,Resale,Ready,3,3,No,"EGP 6,200,000"
165,Cash,Resale,Ready,3,3,No,"EGP 6,100,000"
165,Cash,Resale,Ready,3,3,No,"EGP 6,700,000"
150,Installment,Resale,Ready,3,3,No,"EGP 6,125,000"
160,Cash,Resale,Ready,3,3,No,"EGP 7,200,000"
160,Cash,Resale,Ready,3,3,Yes,"EGP 7,500,000"
160,Cash,Resale,Ready,3,3,Yes,"EGP 9,100,000"
165,Installment,Resale,Off-plan,3,3,No,"EGP 6,180,000"
175,Cash,Primary,Ready,3,3,No,"EGP 7,000,000"
185,Installment,Resale,Ready,3,3,No,"EGP 11,900,000"
135,Cash,Resale,Ready,2,3,No,"EGP 5,000,000"
130,Cash,Primary,Ready,2,3,No,"EGP 5,600,000"
140,Installment,Resale,Ready,3,2,No,"EGP 7,100,000"
165,Cash,Resale,Ready,3,3,Yes,"EGP 5,900,000"
140,Cash,Primary,Ready,3,3,No,"EGP 5,600,000"
140,Cash,Primary,Ready,3,3,No,"EGP 5,600,000"
70,Installment,Resale,Ready,1,2,No,"EGP 3,730,000"
165,Installment,Resale,Ready,3,4,No,"EGP 5,940,000"
160,Cash,Primary,Ready,3,3,No,"EGP 6,900,000"
135,Cash,Resale,Ready,3,2,Yes,"EGP 8,250,000"
160,Installment,Resale,Ready,3,3,No,"EGP 6,640,000"
160,Cash,Resale,Ready,3,3,No,"EGP 7,300,000"
165,Cash,Primary,Ready,3,3,No,"EGP 5,150,000"
145,Cash,Resale,Ready,3,2,Yes,"EGP 9,250,000"
175,Cash,Primary,Ready,3,3,No,"EGP 7,000,000"
140,Cash,Primary,Ready,2,2,Yes,"EGP 12,800,000"
149,Installment,Resale,Ready,3,3,No,"EGP 7,650,000"
155,Installment,Resale,Off-plan,3,3,No,"EGP 6,780,000"
180,Installment,Resale,Ready,3,3,No,"EGP 9,400,000"
165,Cash,Resale,Ready,3,3,No,"EGP 6,200,000"
180,Cash,Resale,Ready,3,3,Yes,"EGP 6,800,000"
170,Cash or Installment,Resale,Off-plan,3,3,No,"EGP 8,080,000"
160,Cash,Primary,Ready,3,2,Yes,"EGP 7,500,000"
140,Cash,Resale,Ready,3,3,No,"EGP 5,500,000"
160,Cash,Primary,Ready,3,3,No,"EGP 7,872,000"
140,Cash,Primary,Ready,3,3,No,"EGP 9,060,000"
150,Cash or Installment,Primary,Ready,3,2,Yes,"EGP 11,000,000"
130,Cash,Primary,Ready,2,2,No,"EGP 6,840,000"
130,Cash or Installment,Primary,Ready,2,2,No,"EGP 11,400,000"
140,Installment,Resale,Ready,3,3,No,"EGP 6,252,000"
235,Cash,Primary,Ready,3,3,No,"EGP 8,000,000"
180,Cash,Resale,Ready,3,3,No,"EGP 7,500,000"
175,Cash,Primary,Ready,3,2,Yes,"EGP 8,000,000"
150,Cash,Primary,Ready,3,3,Yes,"EGP 7,000,000"
165,Cash,Primary,Ready,3,3,No,"EGP 6,050,000"
205,Cash,Resale,Ready,3,3,No,"EGP 8,300,000"
165,Cash,Resale,Ready,3,3,No,"EGP 5,950,000"
235,Cash,Primary,Ready,4,4,No,"EGP 7,850,000"
165,Cash,Primary,Ready,3,3,Yes,"EGP 6,400,000"
235,Cash,Primary,Ready,4,4,No,"EGP 7,850,000"
140,Cash,Resale,Ready,2,3,No,"EGP 5,500,000"
141,Cash,Primary,Ready,3,2,No,"EGP 9,000,000"
170,Cash,Primary,Ready,3,3,No,"EGP 11,700,000"
170,Cash,Primary,Ready,3,3,Yes,"EGP 10,800,000"
145,Cash,Resale,Ready,3,2,No,"EGP 9,000,000"
140,Cash or Installment,Primary,Ready,2,2,No,"EGP 11,000,000"
140,Cash or Installment,Primary,Ready,2,2,No,"EGP 11,000,000"
145,Cash or Installment,Primary,Ready,3,2,Yes,"EGP 10,200,000"
145,Cash,Resale,Ready,3,3,Yes,"EGP 8,888,000"
135,Cash,Resale,Ready,3,2,Yes,"EGP 7,778,000"
140,Cash,Primary,Ready,2,2,Yes,"EGP 9,035,000"
120,Installment,Resale,Ready,2,2,No,"EGP 6,400,000"
110,Installment,Resale,Off-plan,2,2,No,"EGP 6,600,000"
140,Cash,Primary,Ready,2,2,Yes,"EGP 12,050,000"
165,Installment,Resale,Ready,3,3,No,"EGP 6,394,000"
160,Cash,Primary,Ready,3,3,No,"EGP 7,020,000"
180,Cash,Resale,Ready,3,3,Yes,"EGP 6,500,000"
180,Cash,Resale,Ready,3,3,No,"EGP 7,500,000"
165,Cash,Primary,Ready,3,3,No,"EGP 5,950,000"
165,Cash,Resale,Ready,3,3,No,"EGP 6,050,000"
155,Cash,Primary,Ready,3,3,No,"EGP 5,750,000"
165,Cash,Primary,Ready,3,3,No,"EGP 7,050,000"
110,Cash,Primary,Ready,2,2,No,"EGP 5,500,000"
165,Cash,Primary,Ready,3,3,No,"EGP 5,950,000"
170,Cash,Resale,Ready,3,2,Yes,"EGP 6,500,000"
165,Cash,Primary,Ready,3,3,No,"EGP 5,950,000"
205,Cash,Primary,Ready,4,3,Yes,"EGP 10,500,000"
160,Cash,Resale,Ready,3,3,No,"EGP 6,900,000"
170,Cash,Resale,Ready,3,2,Yes,"EGP 11,000,000"
144,Cash,Resale,Ready,3,3,No,"EGP 8,888,000"
185,Cash or Installment,Primary,Ready,3,2,Yes,"EGP 18,937,000"
135,Cash,Resale,Ready,3,2,No,"EGP 7,778,000"
170,Installment,Resale,Off-plan,3,3,No,"EGP 7,600,000"
110,Cash,Primary,Ready,2,2,No,"EGP 5,500,000"
235,Cash,Resale,Ready,3,3,Yes,"EGP 8,600,000"
175,Cash,Resale,Ready,2,3,No,"EGP 12,075,000"
145,Installment,Resale,Ready,3,3,No,"EGP 6,255,000"
175,Cash,Resale,Ready,3,3,Yes,"EGP 8,000,000"
165,Cash,Primary,Ready,3,3,No,"EGP 7,050,000"
165,Installment,Resale,Ready,3,3,No,"EGP 7,300,000"
175,Cash,Resale,Ready,3,3,Yes,"EGP 8,000,000"
170,Cash,Resale,Ready,3,3,No,"EGP 8,500,000"
155,Cash,Primary,Ready,3,3,No,"EGP 5,750,000"
145,Cash,Resale,Off-plan,3,3,No,"EGP 8,900,000"
180,Cash,Resale,Ready,3,3,No,"EGP 6,800,000"
155,Installment,Resale,Ready,3,3,No,"EGP 6,580,000"
166,Cash,Resale,Ready,3,3,No,"EGP 5,600,000"
140,Cash,Resale,Ready,3,3,Yes,"EGP 10,777,000"
170,Installment,Primary,Ready,3,3,No,"EGP 18,495,742"
125,Cash,Primary,Ready,3,3,No,"EGP 10,000,000"
160,Installment,Primary,Ready,3,3,No,"EGP 16,479,047"
140,Installment,Resale,Ready,3,3,No,"EGP 6,200,000"
170,Cash,Primary,Ready,3,3,No,"EGP 6,670,000"
165,Cash,Resale,Ready,3,3,Yes,"EGP 6,000,000"
145,Installment,Primary,Ready,3,3,No,"EGP 16,315,400"
155,Cash,Resale,Ready,3,3,Yes,"EGP 6,250,000"
160,Installment,Primary,Ready,3,3,No,"EGP 13,349,453"
180,Installment,Primary,Ready,3,3,No,"EGP 15,194,507"
160,Installment,Primary,Ready,3,3,No,"EGP 13,286,742"
165,Installment,Resale,Off-plan,3,3,Yes,"EGP 5,940,000"
140,Cash or Installment,Primary,Ready,2,2,Yes,"EGP 15,000,000"
180,Cash or Installment,Primary,Ready,3,3,No,"EGP 15,226,000"
155,Cash or Installment,Primary,Ready,3,3,Yes,"EGP 16,315,000"
165,Installment,Resale,Off-plan,3,3,No,"EGP 5,940,000"
90,Installment,Resale,Ready,1,2,Yes,"EGP 5,100,000"
170,Cash,Resale,Ready,3,3,No,"EGP 6,100,000"
170,Cash,Resale,Ready,3,3,No,"EGP 6,100,000"
140,Installment,Resale,Ready,3,3,Yes,"EGP 6,400,000"
130,Cash or Installment,Primary,Ready,2,2,No,"EGP 11,406,903"
160,Cash,Resale,Ready,3,3,No,"EGP 6,900,000"
164,Cash,Resale,Ready,3,3,No,"EGP 6,050,000"
165,Cash,Primary,Ready,3,3,No,"EGP 5,950,000"
135,Cash,Primary,Ready,3,2,Yes,"EGP 7,580,000"
132,Installment,Primary,Ready,3,2,No,"EGP 6,850,000"
165,Cash,Resale,Ready,3,3,No,"EGP 7,300,000"
175,Cash,Resale,Ready,3,3,No,"EGP 7,500,000"
135,Cash,Resale,Ready,3,3,No,"EGP 7,700,000"
140,Cash,Resale,Ready,2,2,No,"EGP 5,500,000"
135,Cash,Primary,Ready,2,2,Yes,"EGP 6,000,000"
140,Cash or Installment,Primary,Ready,2,2,Yes,"EGP 9,000,196"
168,Cash or Installment,Primary,Ready,3,2,Yes,"EGP 13,000,000"
160,Cash or Installment,Primary,Ready,3,2,No,"EGP 10,500,000"
235,Cash,Resale,Ready,3,4,Yes,"EGP 11,500,000"
150,Installment,Resale,Ready,3,3,Yes,"EGP 6,933,000"
165,Cash,Resale,Ready,3,3,No,"EGP 6,150,000"
160,Cash,Resale,Ready,3,3,Yes,"EGP 7,300,000"
170,Installment,Resale,Ready,3,3,No,"EGP 7,890,000"
170,Installment,Primary,Ready,3,3,Yes,"EGP 18,495,742"
140,Installment,Primary,Ready,2,2,No,"EGP 15,132,972"
140,Installment,Primary,Ready,2,2,No,"EGP 14,737,394"
165,Cash or Installment,Resale,Ready,3,3,No,"EGP 6,400,000"
159,Cash,Resale,Ready,3,3,No,"EGP 7,250,000"
165,Cash,Resale,Ready,3,3,No,"EGP 5,900,000"
110,Cash,Primary,Ready,2,2,No,"EGP 9,000,000"
140,Cash,Primary,Ready,2,2,No,"EGP 10,128,000"
270,Cash,Primary,Ready,4,3,Yes,"EGP 12,480,000"
175,Cash,Resale,Ready,3,3,Yes,"EGP 7,500,000"
165,Cash,Resale,Ready,3,3,No,"EGP 6,200,000"
165,Cash,Resale,Ready,3,3,No,"EGP 6,100,000"
190,Cash,Resale,Ready,3,3,No,"EGP 9,600,000"
165,Cash,Resale,Ready,3,3,No,"EGP 6,300,000"
170,Installment,Resale,Ready,3,3,No,"EGP 8,085,000"
165,Cash,Resale,Ready,3,3,No,"EGP 5,850,000"
160,Cash,Resale,Ready,3,3,No,"EGP 5,800,000"
150,Cash,Resale,Ready,3,3,No,"EGP 5,860,000"
165,Cash,Resale,Ready,3,3,No,"EGP 6,200,000"
165,Cash,Resale,Ready,3,3,Yes,"EGP 7,900,000"
135,Installment,Resale,Off-plan,3,2,No,"EGP 7,105,000"
165,Cash,Primary,Ready,3,3,No,"EGP 5,950,000"
165,Cash,Resale,Ready,3,3,No,"EGP 6,080,000"
235,Cash,Primary,Ready,4,4,No,"EGP 7,850,000"
160,Cash,Resale,Ready,3,3,No,"EGP 7,400,000"
165,Cash,Primary,Ready,3,3,No,"EGP 5,950,000"
110,Cash,Primary,Ready,2,1,Yes,"EGP 12,000,000"
165,Cash,Resale,Ready,3,3,No,"EGP 6,180,000"
165,Cash,Resale,Ready,3,3,No,"EGP 6,200,000"
165,Cash,Primary,Ready,3,3,No,"EGP 5,950,000"
165,Cash,Resale,Ready,3,3,No,"EGP 6,230,000"
160,Cash,Resale,Ready,3,3,No,"EGP 6,250,000"
165,Cash,Resale,Ready,3,3,No,"EGP 6,300,000"
165,Cash,Resale,Ready,3,3,No,"EGP 6,280,000"
165,Cash,Resale,Ready,3,3,No,"EGP 6,250,000"
150,Cash,Resale,Ready,3,3,Yes,"EGP 7,500,000"
155,Cash,Resale,Ready,3,3,No,"EGP 5,800,000"
145,Cash,Resale,Ready,3,3,No,"EGP 5,700,000"
235,Cash,Resale,Ready,3,3,Yes,"EGP 9,500,000"
235,Cash,Resale,Ready,4,4,Yes,"EGP 8,600,000"
170,Cash,Resale,Ready,3,3,Yes,"EGP 8,000,000"
170,Cash,Resale,Ready,3,2,Yes,"EGP 6,600,000"
165,Cash or Installment,Resale,Ready,3,3,No,"EGP 6,750,000"
230,Cash,Resale,Ready,3,3,No,"EGP 8,500,000"
155,Cash,Resale,Ready,3,3,No,"EGP 6,250,000"
155,Cash or Installment,Primary,Ready,3,2,Yes,"EGP 11,500,000"
160,Cash,Primary,Ready,3,3,No,"EGP 7,872,000"
140,Cash,Primary,Ready,3,3,No,"EGP 9,060,000"
130,Cash,Primary,Ready,2,2,No,"EGP 6,840,000"
165,Cash or Installment,Resale,Ready,3,3,No,"EGP 6,630,000"
185,Cash,Primary,Ready,3,3,Yes,"EGP 11,100,000"
70,Installment,Resale,Ready,1,1,Yes,"EGP 3,830,000"
160,Cash,Primary,Ready,3,3,Yes,"EGP 9,900,000"
160,Cash or Installment,Primary,Ready,3,3,Yes,"EGP 16,500,000"
140,Cash,Primary,Ready,2,2,Yes,"EGP 10,140,000"
155,Cash,Resale,Ready,3,3,Yes,"EGP 6,250,000"
230,Cash,Resale,Ready,4,3,Yes,"EGP 8,300,000"
170,Cash,Resale,Ready,3,2,No,"EGP 6,570,000"
150,Cash or Installment,Primary,Ready,3,3,No,"EGP 15,000,327"
155,Cash,Resale,Ready,3,3,No,"EGP 6,250,000"
171,Cash,Resale,Ready,3,2,No,"EGP 8,824,500"
155,Installment,Resale,Off-plan,3,3,No,"EGP 6,480,000"
165,Cash,Resale,Ready,3,2,No,"EGP 7,700,000"
130,Cash or Installment,Primary,Ready,2,2,No,"EGP 11,400,000"
140,Cash or Installment,Primary,Ready,3,3,No,"EGP 15,100,000"
160,Cash or Installment,Primary,Ready,3,3,No,"EGP 13,120,000"
150,Cash,Resale,Ready,3,3,No,"EGP 7,500,000"
70,Cash,Resale,Ready,1,1,Yes,"EGP 3,930,000"
230,Cash,Resale,Ready,4,4,No,"EGP 11,000,000"
170,Cash,Resale,Ready,3,3,No,"EGP 6,500,000"
170,Installment,Resale,Off-plan,3,3,Yes,"EGP 8,388,255"
165,Cash,Resale,Ready,3,3,No,"EGP 6,050,000"
160,Cash,Resale,Ready,3,3,No,"EGP 7,100,000"
155,Cash or Installment,Primary,Ready,3,2,Yes,"EGP 11,800,000"
165,Installment,Resale,Ready,3,3,Yes,"EGP 6,950,000"
155,Cash or Installment,Primary,Ready,3,2,No,"EGP 19,300,000"
145,Cash,Resale,Ready,2,3,No,"EGP 6,000,000"
244,Cash,Resale,Ready,4,3,No,"EGP 17,300,000"
160,Cash,Resale,Ready,3,3,No,"EGP 7,300,000"
160,Cash,Resale,Ready,3,3,No,"EGP 7,000,000"
250,Cash or Installment,Resale,Ready,3,3,Yes,"EGP 7,605,000"
155,Cash,Resale,Ready,3,3,No,"EGP 5,900,000"
170,Cash,Resale,Ready,3,3,No,"EGP 6,600,000"
135,Installment,Resale,Ready,3,2,No,"EGP 8,700,000"
140,Cash or Installment,Primary,Ready,3,3,Yes,"EGP 9,083,562"
125,Cash,Primary,Ready,2,2,No,"EGP 7,800,000"
116,Cash or Installment,Primary,Ready,2,1,Yes,"EGP 11,000,000"
115,Cash or Installment,Primary,Ready,2,1,Yes,"EGP 11,000,000"
170,Cash or Installment,Resale,Ready,3,3,Yes,"EGP 8,920,000"
170,Cash,Resale,Ready,3,3,Yes,"EGP 6,500,000"
235,Cash,Resale,Ready,3,3,No,"EGP 8,000,000"
135,Installment,Resale,Ready,2,3,No,"EGP 9,500,000"
165,Cash,Resale,Ready,3,3,Yes,"EGP 5,600,000"
170,Cash,Resale,Ready,3,3,No,"EGP 6,000,000"
145,Cash,Resale,Ready,3,3,Yes,"EGP 5,700,000"
160,Cash or Installment,Primary,Ready,3,3,No,"EGP 7,800,000"
234,Cash,Resale,Ready,4,3,No,"EGP 7,800,000"
160,Cash or Installment,Primary,Ready,3,3,No,"EGP 7,800,000"
170,Cash,Resale,Ready,3,3,No,"EGP 6,080,000"
235,Cash,Resale,Ready,3,3,No,"EGP 8,400,000"
173,Cash,Resale,Ready,3,3,No,"EGP 6,150,000"
165,Cash,Resale,Ready,3,3,No,"EGP 7,250,000"
125,Cash,Resale,Ready,2,1,No,"EGP 5,450,000"
235,Cash,Resale,Ready,3,3,No,"EGP 7,920,000"
165,Cash or Installment,Resale,Ready,3,3,No,"EGP 6,750,000"
140,Cash,Resale,Ready,2,2,No,"EGP 5,400,000"
220,Cash,Resale,Ready,4,4,No,"EGP 8,800,000"
160,Cash,Resale,Ready,3,3,Yes,"EGP 7,500,000"
235,Cash,Resale,Ready,3,3,No,"EGP 8,400,000"
235,Cash,Resale,Off-plan,4,3,No,"EGP 8,400,000"
140,Cash,Primary,Ready,3,3,Yes,"EGP 5,550,000"
160,Cash,Primary,Ready,3,2,No,"EGP 10,679,562"
205,Cash,Resale,Ready,3,3,No,"EGP 8,250,000"
155,Cash,Resale,Ready,3,3,No,"EGP 5,750,000"
165,Cash,Resale,Off-plan,3,3,No,"EGP 6,050,000"
165,Installment,Resale,Off-plan,3,3,No,"EGP 5,990,000"
140,Installment,Resale,Ready,2,2,No,"EGP 6,188,000"
160,Cash,Resale,Ready,3,3,Yes,"EGP 9,250,000"
155,Installment,Resale,Ready,3,3,No,"EGP 5,770,000"
165,Cash,Resale,Ready,3,3,No,"EGP 7,200,000"
155,Cash,Resale,Ready,3,3,No,"EGP 5,900,000"
155,Cash,Resale,Ready,3,3,No,"EGP 5,300,000"
140,Cash,Resale,Ready,2,3,No,"EGP 5,500,000"
155,Installment,Resale,Off-plan,3,3,No,"EGP 6,480,000"
145,Installment,Resale,Off-plan,3,3,No,"EGP 6,254,311"
155,Cash,Resale,Ready,3,3,No,"EGP 5,900,000"
170,Cash,Resale,Ready,3,3,No,"EGP 5,900,000"
155,Cash,Resale,Ready,3,3,Yes,"EGP 7,000,000"
170,Cash,Resale,Ready,3,3,No,"EGP 6,100,000"
165,Installment,Resale,Off-plan,3,3,No,"EGP 6,430,000"
170,Installment,Resale,Off-plan,3,3,No,"EGP 7,551,000"
165,Installment,Resale,Off-plan,2,3,No,"EGP 6,677,000"
135,Installment,Resale,Ready,2,3,No,"EGP 5,250,000"
145,Installment,Resale,Off-plan,3,3,No,"EGP 6,254,311"
155,Cash,Resale,Ready,3,3,No,"EGP 5,900,000"
155,Installment,Resale,Off-plan,3,3,No,"EGP 6,480,000"
140,Cash,Resale,Ready,2,3,Yes,"EGP 5,500,000"
173,Cash,Resale,Ready,3,2,Yes,"EGP 6,200,000"
155,Cash or Installment,Resale,Ready,3,2,No,"EGP 6,657,000"
140,Cash or Installment,Resale,Ready,3,2,Yes,"EGP 7,100,000"
170,Cash,Resale,Ready,3,3,No,"EGP 5,900,000"
165,Installment,Resale,Off-plan,3,3,No,"EGP 5,990,000"
165,Cash,Resale,Ready,3,3,No,"EGP 6,050,000"
150,Cash,Resale,Ready,3,3,Yes,"EGP 7,500,000"
180,Cash,Resale,Ready,3,3,No,"EGP 7,500,000"
165,Cash,Resale,Ready,3,3,No,"EGP 6,050,000"
155,Cash,Resale,Ready,2,2,No,"EGP 5,900,000"
160,Cash,Resale,Ready,3,3,Yes,"EGP 10,000,000"
165,Cash or Installment,Resale,Ready,3,3,Yes,"EGP 6,750,000"
160,Cash,Resale,Ready,3,3,Yes,"EGP 7,300,000"
165,Cash or Installment,Resale,Ready,3,3,Yes,"EGP 6,750,000"
135,Cash,Resale,Ready,3,3,Yes,"EGP 7,700,000"
145,Cash,Resale,Ready,3,3,Yes,"EGP 8,800,000"
210,Cash,Resale,Ready,2,3,No,"EGP 8,600,000"
160,Cash,Resale,Ready,3,3,No,"EGP 7,300,000"
175,Cash,Resale,Ready,3,3,Yes,"EGP 7,500,000"
235,Cash,Resale,Ready,4,3,Yes,"EGP 8,450,000"
235,Cash,Resale,Ready,4,3,Yes,"EGP 8,350,000"
175,Cash,Resale,Ready,3,3,Yes,"EGP 6,500,000"
125,Cash,Resale,Ready,2,2,Yes,"EGP 4,600,000"
150,Installment,Resale,Ready,3,2,Yes,"EGP 7,800,000"
140,Cash,Resale,Ready,2,3,Yes,"EGP 5,500,000"
138,Cash,Resale,Ready,2,3,No,"EGP 5,500,000"
115,Cash,Resale,Ready,2,2,Yes,"EGP 5,000,000"
155,Installment,Resale,Ready,3,3,Yes,"EGP 6,580,000"
165,Installment,Resale,Ready,3,3,Yes,"EGP 5,800,000"
173,Cash,Resale,Ready,3,3,No,"EGP 6,200,000"
135,Cash,Resale,Ready,3,3,Yes,"EGP 7,700,000"
160,Cash,Resale,Ready,3,3,Yes,"EGP 7,300,000"
135,Cash or Installment,Resale,Ready,3,3,Yes,"EGP 7,362,000"
165,Cash or Installment,Resale,Ready,3,3,Yes,"EGP 6,750,000"
125,Cash,Resale,Ready,2,1,Yes,"EGP 5,500,000"
140,Cash or Installment,Resale,Ready,3,2,Yes,"EGP 7,824,000"
165,Cash,Resale,Ready,3,3,No,"EGP 6,000,000"
165,Installment,Resale,Off-plan,3,3,No,"EGP 6,746,390"
110,Installment,Resale,Off-plan,2,2,Yes,"EGP 7,663,050"
124,Cash,Resale,Ready,2,1,Yes,"EGP 5,500,000"
170,Cash,Resale,Ready,3,3,No,"EGP 7,900,000"
160,Cash,Resale,Ready,3,3,Yes,"EGP 7,300,000"
165,Cash,Resale,Ready,3,2,Yes,"EGP 6,200,000"
125,Cash,Resale,Ready,2,2,Yes,"EGP 6,700,000"
160,Cash,Resale,Ready,3,2,Yes,"EGP 7,875,000"
